<?xml version='1.0' encoding='iso-8859-1'?>
            <ans:mensagemTISS xmlns='http://www.w3.org/2001/XMLSchema' xmlns:ans='http://www.ans.gov.br/padroes/tiss/schemas'>
               <ans:cabecalho>
                  <ans:identificacaoTransacao>
                     <ans:tipoTransacao>ENVIO_LOTE_GUIAS</ans:tipoTransacao>
                     <ans:sequencialTransacao>7953</ans:sequencialTransacao>
                     <ans:dataRegistroTransacao>2018-05-28</ans:dataRegistroTransacao>
                     <ans:horaRegistroTransacao>10:23:36</ans:horaRegistroTransacao>
                  </ans:identificacaoTransacao>
                  <ans:origem>
                     <ans:identificacaoPrestador>
                        <ans:codigoPrestadorNaOperadora>5454512321</ans:codigoPrestadorNaOperadora>
                     </ans:identificacaoPrestador>
                  </ans:origem>
                  <ans:destino>
                     <ans:registroANS>332243</ans:registroANS>
                  </ans:destino>
                  <ans:Padrao>3.03.02</ans:Padrao>
               </ans:cabecalho>
               <ans:prestadorParaOperadora>
                  <ans:loteGuias>
                     <ans:numeroLote>8006</ans:numeroLote>
                        <ans:guiasTISS>
                        <ans:guiaConsulta>
                            <ans:cabecalhoConsulta>
                                <ans:registroANS>332243</ans:registroANS>
                                <ans:numeroGuiaPrestador>1545036</ans:numeroGuiaPrestador>
                            </ans:cabecalhoConsulta>
                            <ans:numeroGuiaOperadora>45421</ans:numeroGuiaOperadora>
                            <ans:dadosBeneficiario>
                                <ans:numeroCarteira>0000000</ans:numeroCarteira>
                                <ans:atendimentoRN>N</ans:atendimentoRN>
                                <ans:nomeBeneficiario>ABDIAS VERAS NETO</ans:nomeBeneficiario>
                            </ans:dadosBeneficiario>
                            <ans:contratadoExecutante>
                                <ans:codigoPrestadorNaOperadora>5454512321</ans:codigoPrestadorNaOperadora>
                                <ans:nomeContratado>STG</ans:nomeContratado>
                                <ans:CNES>3478181</ans:CNES>
                            </ans:contratadoExecutante>
                            <ans:profissionalExecutante>
                                <ans:nomeProfissional>ADMINISTRADOR MÉDICO</ans:nomeProfissional>
                                <ans:conselhoProfissional>06</ans:conselhoProfissional>
                                <ans:numeroConselhoProfissional>1010</ans:numeroConselhoProfissional>
                                <ans:UF>23</ans:UF>
                                <ans:CBOS>999999</ans:CBOS>
                            </ans:profissionalExecutante>
                            <ans:indicacaoAcidente>9</ans:indicacaoAcidente>
                            <ans:dadosAtendimento>
                                <ans:dataAtendimento>2018-05-28</ans:dataAtendimento>
                                <ans:tipoConsulta>1</ans:tipoConsulta>
                                <ans:procedimento>
                                    <ans:codigoTabela>22</ans:codigoTabela>
                                    <ans:codigoProcedimento>10101012</ans:codigoProcedimento>
                                    <ans:valorProcedimento>86.00</ans:valorProcedimento>
                                </ans:procedimento>
                            </ans:dadosAtendimento>
                        </ans:guiaConsulta>
                        <ans:guiaConsulta>
                            <ans:cabecalhoConsulta>
                                <ans:registroANS>332243</ans:registroANS>
                                <ans:numeroGuiaPrestador>1545037</ans:numeroGuiaPrestador>
                            </ans:cabecalhoConsulta>
                            <ans:numeroGuiaOperadora>11121232</ans:numeroGuiaOperadora>
                            <ans:dadosBeneficiario>
                                <ans:numeroCarteira>0000000</ans:numeroCarteira>
                                <ans:atendimentoRN>N</ans:atendimentoRN>
                                <ans:nomeBeneficiario>ABDIAS VERAS NETO</ans:nomeBeneficiario>
                            </ans:dadosBeneficiario>
                            <ans:contratadoExecutante>
                                <ans:codigoPrestadorNaOperadora>5454512321</ans:codigoPrestadorNaOperadora>
                                <ans:nomeContratado>STG</ans:nomeContratado>
                                <ans:CNES>3478181</ans:CNES>
                            </ans:contratadoExecutante>
                            <ans:profissionalExecutante>
                                <ans:nomeProfissional>ADMINISTRADOR MÉDICO</ans:nomeProfissional>
                                <ans:conselhoProfissional>06</ans:conselhoProfissional>
                                <ans:numeroConselhoProfissional>1010</ans:numeroConselhoProfissional>
                                <ans:UF>23</ans:UF>
                                <ans:CBOS>999999</ans:CBOS>
                            </ans:profissionalExecutante>
                            <ans:indicacaoAcidente>9</ans:indicacaoAcidente>
                            <ans:dadosAtendimento>
                                <ans:dataAtendimento>2018-05-28</ans:dataAtendimento>
                                <ans:tipoConsulta>1</ans:tipoConsulta>
                                <ans:procedimento>
                                    <ans:codigoTabela>22</ans:codigoTabela>
                                    <ans:codigoProcedimento>10101012</ans:codigoProcedimento>
                                    <ans:valorProcedimento>0.00</ans:valorProcedimento>
                                </ans:procedimento>
                            </ans:dadosAtendimento>
                        </ans:guiaConsulta>
                        <ans:guiaConsulta>
                            <ans:cabecalhoConsulta>
                                <ans:registroANS>332243</ans:registroANS>
                                <ans:numeroGuiaPrestador>1545038</ans:numeroGuiaPrestador>
                            </ans:cabecalhoConsulta>
                            <ans:numeroGuiaOperadora>43434343</ans:numeroGuiaOperadora>
                            <ans:dadosBeneficiario>
                                <ans:numeroCarteira>0000000</ans:numeroCarteira>
                                <ans:atendimentoRN>N</ans:atendimentoRN>
                                <ans:nomeBeneficiario>ABDIAS VERAS NETO</ans:nomeBeneficiario>
                            </ans:dadosBeneficiario>
                            <ans:contratadoExecutante>
                                <ans:codigoPrestadorNaOperadora>5454512321</ans:codigoPrestadorNaOperadora>
                                <ans:nomeContratado>STG</ans:nomeContratado>
                                <ans:CNES>3478181</ans:CNES>
                            </ans:contratadoExecutante>
                            <ans:profissionalExecutante>
                                <ans:nomeProfissional>ADMINISTRADOR MÉDICO</ans:nomeProfissional>
                                <ans:conselhoProfissional>06</ans:conselhoProfissional>
                                <ans:numeroConselhoProfissional>1010</ans:numeroConselhoProfissional>
                                <ans:UF>23</ans:UF>
                                <ans:CBOS>999999</ans:CBOS>
                            </ans:profissionalExecutante>
                            <ans:indicacaoAcidente>9</ans:indicacaoAcidente>
                            <ans:dadosAtendimento>
                                <ans:dataAtendimento>2018-05-28</ans:dataAtendimento>
                                <ans:tipoConsulta>1</ans:tipoConsulta>
                                <ans:procedimento>
                                    <ans:codigoTabela>22</ans:codigoTabela>
                                    <ans:codigoProcedimento>10101012</ans:codigoProcedimento>
                                    <ans:valorProcedimento>86.00</ans:valorProcedimento>
                                </ans:procedimento>
                            </ans:dadosAtendimento>
                        </ans:guiaConsulta>
                        <ans:guiaConsulta>
                            <ans:cabecalhoConsulta>
                                <ans:registroANS>332243</ans:registroANS>
                                <ans:numeroGuiaPrestador>1545039</ans:numeroGuiaPrestador>
                            </ans:cabecalhoConsulta>
                            <ans:numeroGuiaOperadora>55545455</ans:numeroGuiaOperadora>
                            <ans:dadosBeneficiario>
                                <ans:numeroCarteira>0000000</ans:numeroCarteira>
                                <ans:atendimentoRN>N</ans:atendimentoRN>
                                <ans:nomeBeneficiario>ABDIAS VERAS NETO</ans:nomeBeneficiario>
                            </ans:dadosBeneficiario>
                            <ans:contratadoExecutante>
                                <ans:codigoPrestadorNaOperadora>5454512321</ans:codigoPrestadorNaOperadora>
                                <ans:nomeContratado>STG</ans:nomeContratado>
                                <ans:CNES>3478181</ans:CNES>
                            </ans:contratadoExecutante>
                            <ans:profissionalExecutante>
                                <ans:nomeProfissional>ADMINISTRADOR MÉDICO</ans:nomeProfissional>
                                <ans:conselhoProfissional>06</ans:conselhoProfissional>
                                <ans:numeroConselhoProfissional>1010</ans:numeroConselhoProfissional>
                                <ans:UF>23</ans:UF>
                                <ans:CBOS>999999</ans:CBOS>
                            </ans:profissionalExecutante>
                            <ans:indicacaoAcidente>9</ans:indicacaoAcidente>
                            <ans:dadosAtendimento>
                                <ans:dataAtendimento>2018-05-28</ans:dataAtendimento>
                                <ans:tipoConsulta>1</ans:tipoConsulta>
                                <ans:procedimento>
                                    <ans:codigoTabela>22</ans:codigoTabela>
                                    <ans:codigoProcedimento>10101012</ans:codigoProcedimento>
                                    <ans:valorProcedimento>86.00</ans:valorProcedimento>
                                </ans:procedimento>
                            </ans:dadosAtendimento>
                        </ans:guiaConsulta></ans:guiasTISS>
                </ans:loteGuias>
            </ans:prestadorParaOperadora>
            <ans:epilogo>
            <ans:hash>e2eadfe09fd6750a184902545aa41771</ans:hash>
            </ans:epilogo>
            </ans:mensagemTISS>
