<?xml version='1.0' encoding='iso-8859-1'?>
        <ans:mensagemTISS xmlns='http://www.w3.org/2001/XMLSchema' xmlns:ans='http://www.ans.gov.br/padroes/tiss/schemas'>
           <ans:cabecalho>
              <ans:identificacaoTransacao>
                 <ans:tipoTransacao>ENVIO_LOTE_GUIAS</ans:tipoTransacao>
                 <ans:sequencialTransacao>7956</ans:sequencialTransacao>
                 <ans:dataRegistroTransacao>2018-06-07</ans:dataRegistroTransacao>
                 <ans:horaRegistroTransacao>14:35:50</ans:horaRegistroTransacao>
              </ans:identificacaoTransacao>
              <ans:origem>
                 <ans:identificacaoPrestador>
                    <ans:codigoPrestadorNaOperadora></ans:codigoPrestadorNaOperadora>
                 </ans:identificacaoPrestador>
              </ans:origem>
              <ans:destino>
                 <ans:registroANS>385697</ans:registroANS>
              </ans:destino>
              <ans:Padrao>3.03.03</ans:Padrao>
           </ans:cabecalho>
           <ans:prestadorParaOperadora>
              <ans:loteGuias>
                 <ans:numeroLote>8009</ans:numeroLote>
                    <ans:guiasTISS>
                                                              <ans:guiaSP-SADT>
                              <ans:cabecalhoGuia>
                                <ans:registroANS>385697</ans:registroANS>
                             <ans:numeroGuiaPrestador>57054</ans:numeroGuiaPrestador>
                             <ans:guiaPrincipal>1</ans:guiaPrincipal>
                          </ans:cabecalhoGuia>
                          <ans:dadosAutorizacao>
                          <ans:numeroGuiaOperadora>0000000</ans:numeroGuiaOperadora>
                          <ans:dataAutorizacao>2018-06-07</ans:dataAutorizacao>
                          </ans:dadosAutorizacao>
                          <ans:dadosBeneficiario>
                             <ans:numeroCarteira>0000000</ans:numeroCarteira>
                                 <ans:atendimentoRN>S</ans:atendimentoRN>
                             <ans:nomeBeneficiario>ABDIAS VERAS NETO</ans:nomeBeneficiario>
                          </ans:dadosBeneficiario>
                                                          <ans:dadosSolicitante>
                             <ans:contratadoSolicitante>
                                   <ans:cnpjContratado>99999999999999</ans:cnpjContratado>
                                <ans:nomeContratado>STG</ans:nomeContratado>
                             </ans:contratadoSolicitante>
                             <ans:profissionalSolicitante>
                                <ans:nomeProfissional>ADMINISTRADOR MÉDICO</ans:nomeProfissional>
                                <ans:conselhoProfissional>06</ans:conselhoProfissional>
                                <ans:numeroConselhoProfissional >1010</ans:numeroConselhoProfissional >
                                    <ans:UF>23</ans:UF>
                                <ans:CBOS>999999</ans:CBOS>
                             </ans:profissionalSolicitante>
                          </ans:dadosSolicitante>
                          <ans:dadosSolicitacao>
                             <ans:dataSolicitacao>2018-06-07</ans:dataSolicitacao>
                             <ans:caraterAtendimento>1</ans:caraterAtendimento>
                             <ans:indicacaoClinica>I</ans:indicacaoClinica>
                          </ans:dadosSolicitacao>
                          <ans:dadosExecutante>
                                <ans:contratadoExecutante>
                                <ans:cnpjContratado>99999999999999</ans:cnpjContratado>
                             <ans:nomeContratado>STG</ans:nomeContratado>
                             </ans:contratadoExecutante>
                             <ans:CNES>3478181</ans:CNES>
                          </ans:dadosExecutante>
                          <ans:dadosAtendimento>
                          <ans:tipoAtendimento>04</ans:tipoAtendimento>
                          <ans:indicacaoAcidente>0</ans:indicacaoAcidente>
                          <ans:tipoConsulta>1</ans:tipoConsulta>

                          </ans:dadosAtendimento><ans:outrasDespesas>
                                 <ans:despesa>
                                    <ans:codigoDespesa>03</ans:codigoDespesa>
                                    <ans:servicosExecutados>
                                        <ans:dataExecucao>2018-06-07</ans:dataExecucao>
                                        <ans:horaInicial>13:45:24</ans:horaInicial>
                                        <ans:horaFinal>13:45:24</ans:horaFinal>
                                        <ans:codigoTabela>19</ans:codigoTabela>
                                        <ans:codigoProcedimento>70176426</ans:codigoProcedimento>
                                        <ans:quantidadeExecutada>1</ans:quantidadeExecutada>
                                        <ans:unidadeMedida>036</ans:unidadeMedida>
                                        <ans:reducaoAcrescimo>1.00</ans:reducaoAcrescimo>
                                        <ans:valorUnitario >0.00</ans:valorUnitario >
                                        <ans:valorTotal>0.00</ans:valorTotal>
                                        <ans:descricaoProcedimento >COMPRESSA GAZE ESTERIL 7,5CMX7,5CM 11FIOS 10UNID</ans:descricaoProcedimento >
                                    </ans:servicosExecutados>
                                </ans:despesa>
                          </ans:outrasDespesas>
                          

                          <ans:observacao>III</ans:observacao>
                             <ans:valorTotal >
                             <ans:valorProcedimentos >0.00</ans:valorProcedimentos >
                             <ans:valorDiarias>0.00</ans:valorDiarias>
                             <ans:valorTaxasAlugueis>0.00</ans:valorTaxasAlugueis>
                             <ans:valorMateriais>0.00</ans:valorMateriais>
                             <ans:valorMedicamentos>0.00</ans:valorMedicamentos>
                             <ans:valorOPME>0.00</ans:valorOPME>
                             <ans:valorGasesMedicinais>0.00</ans:valorGasesMedicinais>
                             <ans:valorTotalGeral>0.00</ans:valorTotalGeral>
                          </ans:valorTotal>
                          </ans:guiaSP-SADT>
                                                              <ans:guiaSP-SADT>
                              <ans:cabecalhoGuia>
                                <ans:registroANS>385697</ans:registroANS>
                             <ans:numeroGuiaPrestador>57054</ans:numeroGuiaPrestador>
                             <ans:guiaPrincipal>1</ans:guiaPrincipal>
                          </ans:cabecalhoGuia>
                          <ans:dadosAutorizacao>
                          <ans:numeroGuiaOperadora>0000000</ans:numeroGuiaOperadora>
                          <ans:dataAutorizacao>2018-06-07</ans:dataAutorizacao>
                          </ans:dadosAutorizacao>
                          <ans:dadosBeneficiario>
                             <ans:numeroCarteira>0000000</ans:numeroCarteira>
                                 <ans:atendimentoRN>S</ans:atendimentoRN>
                             <ans:nomeBeneficiario>ABDIAS VERAS NETO</ans:nomeBeneficiario>
                          </ans:dadosBeneficiario>
                                                          <ans:dadosSolicitante>
                             <ans:contratadoSolicitante>
                                   <ans:cnpjContratado>99999999999999</ans:cnpjContratado>
                                <ans:nomeContratado>STG</ans:nomeContratado>
                             </ans:contratadoSolicitante>
                             <ans:profissionalSolicitante>
                                <ans:nomeProfissional>ADMINISTRADOR MÉDICO</ans:nomeProfissional>
                                <ans:conselhoProfissional>06</ans:conselhoProfissional>
                                <ans:numeroConselhoProfissional >1010</ans:numeroConselhoProfissional >
                                    <ans:UF>23</ans:UF>
                                <ans:CBOS>999999</ans:CBOS>
                             </ans:profissionalSolicitante>
                          </ans:dadosSolicitante>
                          <ans:dadosSolicitacao>
                             <ans:dataSolicitacao>2018-06-07</ans:dataSolicitacao>
                             <ans:caraterAtendimento>1</ans:caraterAtendimento>
                             <ans:indicacaoClinica>I</ans:indicacaoClinica>
                          </ans:dadosSolicitacao>
                          <ans:dadosExecutante>
                                <ans:contratadoExecutante>
                                <ans:cnpjContratado>99999999999999</ans:cnpjContratado>
                             <ans:nomeContratado>STG</ans:nomeContratado>
                             </ans:contratadoExecutante>
                             <ans:CNES>3478181</ans:CNES>
                          </ans:dadosExecutante>
                          <ans:dadosAtendimento>
                          <ans:tipoAtendimento>04</ans:tipoAtendimento>
                          <ans:indicacaoAcidente>0</ans:indicacaoAcidente>
                          <ans:tipoConsulta>1</ans:tipoConsulta>

                          </ans:dadosAtendimento><ans:outrasDespesas>
                                 <ans:despesa>
                                    <ans:codigoDespesa>03</ans:codigoDespesa>
                                    <ans:servicosExecutados>
                                        <ans:dataExecucao>2018-06-07</ans:dataExecucao>
                                        <ans:horaInicial>13:45:24</ans:horaInicial>
                                        <ans:horaFinal>13:45:24</ans:horaFinal>
                                        <ans:codigoTabela>19</ans:codigoTabela>
                                        <ans:codigoProcedimento>241801</ans:codigoProcedimento>
                                        <ans:quantidadeExecutada>1</ans:quantidadeExecutada>
                                        <ans:unidadeMedida>036</ans:unidadeMedida>
                                        <ans:reducaoAcrescimo>1.00</ans:reducaoAcrescimo>
                                        <ans:valorUnitario >0.00</ans:valorUnitario >
                                        <ans:valorTotal>0.00</ans:valorTotal>
                                        <ans:descricaoProcedimento >GESSO SINTETICO SCOTCHCAST PREMIUM AZUL 7,6CMX3,6MT J82003B</ans:descricaoProcedimento >
                                    </ans:servicosExecutados>
                                </ans:despesa>
                          </ans:outrasDespesas>
                          

                          <ans:observacao>III</ans:observacao>
                             <ans:valorTotal >
                             <ans:valorProcedimentos >0.00</ans:valorProcedimentos >
                             <ans:valorDiarias>0.00</ans:valorDiarias>
                             <ans:valorTaxasAlugueis>0.00</ans:valorTaxasAlugueis>
                             <ans:valorMateriais>0.00</ans:valorMateriais>
                             <ans:valorMedicamentos>0.00</ans:valorMedicamentos>
                             <ans:valorOPME>0.00</ans:valorOPME>
                             <ans:valorGasesMedicinais>0.00</ans:valorGasesMedicinais>
                             <ans:valorTotalGeral>0.00</ans:valorTotalGeral>
                          </ans:valorTotal>
                          </ans:guiaSP-SADT>
                                                              <ans:guiaSP-SADT>
                              <ans:cabecalhoGuia>
                                <ans:registroANS>385697</ans:registroANS>
                             <ans:numeroGuiaPrestador>57055</ans:numeroGuiaPrestador>
                             <ans:guiaPrincipal>1</ans:guiaPrincipal>
                          </ans:cabecalhoGuia>
                          <ans:dadosAutorizacao>
                          <ans:numeroGuiaOperadora>0000000</ans:numeroGuiaOperadora>
                          <ans:dataAutorizacao>2018-06-07</ans:dataAutorizacao>
                          </ans:dadosAutorizacao>
                          <ans:dadosBeneficiario>
                             <ans:numeroCarteira>0000000</ans:numeroCarteira>
                                 <ans:atendimentoRN>S</ans:atendimentoRN>
                             <ans:nomeBeneficiario>ABDON JORGE TABORDA RIBAS JUNIOR</ans:nomeBeneficiario>
                          </ans:dadosBeneficiario>
                                                          <ans:dadosSolicitante>
                             <ans:contratadoSolicitante>
                                   <ans:cnpjContratado>99999999999999</ans:cnpjContratado>
                                <ans:nomeContratado>STG</ans:nomeContratado>
                             </ans:contratadoSolicitante>
                             <ans:profissionalSolicitante>
                                <ans:nomeProfissional>ADMINISTRADOR MÉDICO</ans:nomeProfissional>
                                <ans:conselhoProfissional>06</ans:conselhoProfissional>
                                <ans:numeroConselhoProfissional >1010</ans:numeroConselhoProfissional >
                                    <ans:UF>23</ans:UF>
                                <ans:CBOS>999999</ans:CBOS>
                             </ans:profissionalSolicitante>
                          </ans:dadosSolicitante>
                          <ans:dadosSolicitacao>
                             <ans:dataSolicitacao>2018-06-07</ans:dataSolicitacao>
                             <ans:caraterAtendimento>1</ans:caraterAtendimento>
                             <ans:indicacaoClinica>I</ans:indicacaoClinica>
                          </ans:dadosSolicitacao>
                          <ans:dadosExecutante>
                                <ans:contratadoExecutante>
                                <ans:cnpjContratado>99999999999999</ans:cnpjContratado>
                             <ans:nomeContratado>STG</ans:nomeContratado>
                             </ans:contratadoExecutante>
                             <ans:CNES>3478181</ans:CNES>
                          </ans:dadosExecutante>
                          <ans:dadosAtendimento>
                          <ans:tipoAtendimento>04</ans:tipoAtendimento>
                          <ans:indicacaoAcidente>0</ans:indicacaoAcidente>
                          <ans:tipoConsulta>1</ans:tipoConsulta>

                          </ans:dadosAtendimento><ans:procedimentosExecutados>
                                 <ans:procedimentoExecutado>
                                        <ans:dataExecucao>2018-06-07</ans:dataExecucao>
                                        <ans:horaInicial>13:47:57</ans:horaInicial>
                                        <ans:horaFinal>13:47:57</ans:horaFinal>
                                        <ans:procedimento>
                                        <ans:codigoTabela>22</ans:codigoTabela>
                                       <ans:codigoProcedimento>30712050</ans:codigoProcedimento>
                                       <ans:descricaoProcedimento >Cruro-pod�lico - Aparelhos gessados</ans:descricaoProcedimento >
                                       </ans:procedimento>                        
                                <ans:quantidadeExecutada>1</ans:quantidadeExecutada>
                                    <ans:reducaoAcrescimo>1.00</ans:reducaoAcrescimo>
                                    <ans:valorUnitario >32.76</ans:valorUnitario >
                                    <ans:valorTotal>32.76</ans:valorTotal>
                                    <ans:equipeSadt>
                                        <ans:grauPart>12</ans:grauPart>
                                        <ans:codProfissional>
                                        <ans:codigoPrestadorNaOperadora></ans:codigoPrestadorNaOperadora>
                                        </ans:codProfissional>
                                        <ans:nomeProf>ADMINISTRADOR MÉDICO</ans:nomeProf>
                                        <ans:conselho>01</ans:conselho>
                                        <ans:numeroConselhoProfissional>1010</ans:numeroConselhoProfissional>
                                        <ans:UF>23</ans:UF>
                                        <ans:CBOS>999999</ans:CBOS>
                                    </ans:equipeSadt>
                              </ans:procedimentoExecutado>
                          </ans:procedimentosExecutados>

                          <ans:observacao>III</ans:observacao>
                             <ans:valorTotal >
                             <ans:valorProcedimentos >32.76</ans:valorProcedimentos >
                             <ans:valorDiarias>0.00</ans:valorDiarias>
                             <ans:valorTaxasAlugueis>0.00</ans:valorTaxasAlugueis>
                             <ans:valorMateriais>0.00</ans:valorMateriais>
                             <ans:valorMedicamentos>0.00</ans:valorMedicamentos>
                             <ans:valorOPME>0.00</ans:valorOPME>
                             <ans:valorGasesMedicinais>0.00</ans:valorGasesMedicinais>
                             <ans:valorTotalGeral>32.76</ans:valorTotalGeral>
                          </ans:valorTotal>
                          </ans:guiaSP-SADT></ans:guiasTISS>
            </ans:loteGuias>
        </ans:prestadorParaOperadora>
        <ans:epilogo>
        <ans:hash>e2eadfe09fd6750a184902545aa41771</ans:hash>
        </ans:epilogo>
        </ans:mensagemTISS>
