<?xml version='1.0' encoding='iso-8859-1'?>
<ans:mensagemTISS xmlns='http://www.w3.org/2001/XMLSchema' xmlns:ans='http://www.ans.gov.br/padroes/tiss/schemas'>
   <ans:cabecalho>
      <ans:identificacaoTransacao>
         <ans:tipoTransacao>ENVIO_LOTE_GUIAS</ans:tipoTransacao>
         <ans:sequencialTransacao>9077</ans:sequencialTransacao>
         <ans:dataRegistroTransacao>2017-02-14</ans:dataRegistroTransacao>
         <ans:horaRegistroTransacao>18:40:50</ans:horaRegistroTransacao>
      </ans:identificacaoTransacao>
      <ans:origem>
         <ans:identificacaoPrestador>
            <ans:codigoPrestadorNaOperadora>20174127</ans:codigoPrestadorNaOperadora>
         </ans:identificacaoPrestador>
      </ans:origem>
      <ans:destino>
         <ans:registroANS>348520</ans:registroANS>
      </ans:destino>
      <ans:versaoPadrao>3.02.00</ans:versaoPadrao>
   </ans:cabecalho>
   <ans:prestadorParaOperadora>
      <ans:loteGuias>
         <ans:numeroLote>9130</ans:numeroLote>
            <ans:guiasTISS>
                                                      <ans:guiaSP-SADT>
                      <ans:cabecalhoGuia>
                        <ans:registroANS>348520</ans:registroANS>
                     <ans:numeroGuiaPrestador>3125382</ans:numeroGuiaPrestador>
                     <ans:guiaPrincipal>1</ans:guiaPrincipal>
                  </ans:cabecalhoGuia>
                  <ans:dadosAutorizacao>
                  <ans:numeroGuiaOperadora>20389876</ans:numeroGuiaOperadora>
                  <ans:dataAutorizacao>2017-02-01</ans:dataAutorizacao>
                  </ans:dadosAutorizacao>
                  <ans:dadosBeneficiario>
                     <ans:numeroCarteira>1000725390017730775</ans:numeroCarteira>
                         <ans:atendimentoRN>S</ans:atendimentoRN>
                     <ans:nomeBeneficiario>ARNAICE MARIA SANTOS MARTINS</ans:nomeBeneficiario>
                  </ans:dadosBeneficiario>
                                                  <ans:dadosSolicitante>
                     <ans:contratadoSolicitante>
                           <ans:cpfContratado>04111340601</ans:cpfContratado>
                        <ans:nomeContratado>PRO IMAGEM DIAGNOSTICO POR IMAGEM LTDA</ans:nomeContratado>
                     </ans:contratadoSolicitante>
                     <ans:profissionalSolicitante>
                        <ans:nomeProfissional>CHRISTIANE BOTELHO S. SIMAO</ans:nomeProfissional>
                        <ans:conselhoProfissional>6</ans:conselhoProfissional>
                        <ans:numeroConselhoProfissional >31102</ans:numeroConselhoProfissional >
                            <ans:UF>23</ans:UF>
                        <ans:CBOS>999999</ans:CBOS>
                     </ans:profissionalSolicitante>
                  </ans:dadosSolicitante>
                  <ans:dadosSolicitacao>
                     <ans:dataSolicitacao>2017-02-01</ans:dataSolicitacao>
                     <ans:caraterAtendimento>1</ans:caraterAtendimento>
                     <ans:indicacaoClinica>I</ans:indicacaoClinica>
                  </ans:dadosSolicitacao>
                  <ans:dadosExecutante>
                        <ans:contratadoExecutante>
                        <ans:cpfContratado>04111340601</ans:cpfContratado>
                     <ans:nomeContratado>PRO IMAGEM DIAGNOSTICO POR IMAGEM LTDA</ans:nomeContratado>
                     </ans:contratadoExecutante>
                     <ans:CNES>3145115</ans:CNES>
                  </ans:dadosExecutante>
                  <ans:dadosAtendimento>
                  <ans:tipoAtendimento>04</ans:tipoAtendimento>
                  <ans:indicacaoAcidente>0</ans:indicacaoAcidente>
                  <ans:tipoConsulta>1</ans:tipoConsulta>
                  <ans:motivoEncerramento>41</ans:motivoEncerramento>
                  </ans:dadosAtendimento>
                  <ans:procedimentosExecutados>
                     <ans:procedimentoExecutado>
                            <ans:dataExecucao>2017-02-01</ans:dataExecucao>
                            <ans:horaInicial>10:46:16</ans:horaInicial>
                            <ans:horaFinal>10:46:16</ans:horaFinal>
                            <ans:procedimento>
                            <ans:codigoTabela>22</ans:codigoTabela>
                           <ans:codigoProcedimento>40901203</ans:codigoProcedimento>
                           <ans:descricaoProcedimento >US - Orgaos superficiais (tireoide ou escroto ou penis ou cr</ans:descricaoProcedimento >
                           </ans:procedimento>                        
                    <ans:quantidadeExecutada>1</ans:quantidadeExecutada>
                        <ans:reducaoAcrescimo>1.00</ans:reducaoAcrescimo>
                        <ans:valorUnitario >43.72</ans:valorUnitario >
                        <ans:valorTotal>43.72</ans:valorTotal>
                        <ans:equipeSadt>
                        <ans:codProfissional>
                        <ans:codigoPrestadorNaOperadora>20174127</ans:codigoPrestadorNaOperadora>
                        </ans:codProfissional>
                        <ans:nomeProf>TIAGO ROSSETTO CARVALHO</ans:nomeProf>
                        <ans:conselho>1</ans:conselho>
                        <ans:numeroConselhoProfissional>69019</ans:numeroConselhoProfissional>
                        <ans:UF>23</ans:UF>
                        <ans:CBOS>999999</ans:CBOS>
                        </ans:equipeSadt>
                  </ans:procedimentoExecutado>
                  </ans:procedimentosExecutados>
                  <ans:observacao>III</ans:observacao>
                     <ans:valorTotal >
                     <ans:valorProcedimentos >43.72</ans:valorProcedimentos >
                     <ans:valorDiarias>0.00</ans:valorDiarias>
                     <ans:valorTaxasAlugueis>0.00</ans:valorTaxasAlugueis>
                     <ans:valorMateriais>0.00</ans:valorMateriais>
                     <ans:valorMedicamentos>0.00</ans:valorMedicamentos>
                     <ans:valorOPME>0.00</ans:valorOPME>
                     <ans:valorGasesMedicinais>0.00</ans:valorGasesMedicinais>
                     <ans:valorTotalGeral>43.72</ans:valorTotalGeral>
                  </ans:valorTotal>
                  </ans:guiaSP-SADT>
                                                      <ans:guiaSP-SADT>
                      <ans:cabecalhoGuia>
                        <ans:registroANS>348520</ans:registroANS>
                     <ans:numeroGuiaPrestador>3124726</ans:numeroGuiaPrestador>
                     <ans:guiaPrincipal>1</ans:guiaPrincipal>
                  </ans:cabecalhoGuia>
                  <ans:dadosAutorizacao>
                  <ans:numeroGuiaOperadora>20465615</ans:numeroGuiaOperadora>
                  <ans:dataAutorizacao>2017-01-28</ans:dataAutorizacao>
                  </ans:dadosAutorizacao>
                  <ans:dadosBeneficiario>
                     <ans:numeroCarteira>1001321740027609535</ans:numeroCarteira>
                         <ans:atendimentoRN>S</ans:atendimentoRN>
                     <ans:nomeBeneficiario>EMILY CRISTINA LOURENCO DE SOUZA</ans:nomeBeneficiario>
                  </ans:dadosBeneficiario>
                                                  <ans:dadosSolicitante>
                     <ans:contratadoSolicitante>
                           <ans:cpfContratado>04111340601</ans:cpfContratado>
                        <ans:nomeContratado>PRO IMAGEM DIAGNOSTICO POR IMAGEM LTDA</ans:nomeContratado>
                     </ans:contratadoSolicitante>
                     <ans:profissionalSolicitante>
                        <ans:nomeProfissional>THANIA FERREIRA RODRIGUES CUNHA</ans:nomeProfissional>
                        <ans:conselhoProfissional>6</ans:conselhoProfissional>
                        <ans:numeroConselhoProfissional >47972</ans:numeroConselhoProfissional >
                            <ans:UF>23</ans:UF>
                        <ans:CBOS>999999</ans:CBOS>
                     </ans:profissionalSolicitante>
                  </ans:dadosSolicitante>
                  <ans:dadosSolicitacao>
                     <ans:dataSolicitacao>2017-01-28</ans:dataSolicitacao>
                     <ans:caraterAtendimento>1</ans:caraterAtendimento>
                     <ans:indicacaoClinica>I</ans:indicacaoClinica>
                  </ans:dadosSolicitacao>
                  <ans:dadosExecutante>
                        <ans:contratadoExecutante>
                        <ans:cpfContratado>04111340601</ans:cpfContratado>
                     <ans:nomeContratado>PRO IMAGEM DIAGNOSTICO POR IMAGEM LTDA</ans:nomeContratado>
                     </ans:contratadoExecutante>
                     <ans:CNES>3145115</ans:CNES>
                  </ans:dadosExecutante>
                  <ans:dadosAtendimento>
                  <ans:tipoAtendimento>04</ans:tipoAtendimento>
                  <ans:indicacaoAcidente>0</ans:indicacaoAcidente>
                  <ans:tipoConsulta>1</ans:tipoConsulta>
                  <ans:motivoEncerramento>41</ans:motivoEncerramento>
                  </ans:dadosAtendimento>
                  <ans:procedimentosExecutados>
                     <ans:procedimentoExecutado>
                            <ans:dataExecucao>2017-01-28</ans:dataExecucao>
                            <ans:horaInicial>06:59:35</ans:horaInicial>
                            <ans:horaFinal>06:59:35</ans:horaFinal>
                            <ans:procedimento>
                            <ans:codigoTabela>22</ans:codigoTabela>
                           <ans:codigoProcedimento>40901300</ans:codigoProcedimento>
                           <ans:descricaoProcedimento >US - Transvaginal (utero, ovario, anexos e vagina)</ans:descricaoProcedimento >
                           </ans:procedimento>                        
                    <ans:quantidadeExecutada>1</ans:quantidadeExecutada>
                        <ans:reducaoAcrescimo>1.00</ans:reducaoAcrescimo>
                        <ans:valorUnitario >48.12</ans:valorUnitario >
                        <ans:valorTotal>48.12</ans:valorTotal>
                        <ans:equipeSadt>
                        <ans:codProfissional>
                        <ans:codigoPrestadorNaOperadora>20174127</ans:codigoPrestadorNaOperadora>
                        </ans:codProfissional>
                        <ans:nomeProf>GUSTAVO NUNES MEDINA COELI</ans:nomeProf>
                        <ans:conselho>1</ans:conselho>
                        <ans:numeroConselhoProfissional>46104</ans:numeroConselhoProfissional>
                        <ans:UF>23</ans:UF>
                        <ans:CBOS>999999</ans:CBOS>
                        </ans:equipeSadt>
                  </ans:procedimentoExecutado>
                  </ans:procedimentosExecutados>
                  <ans:observacao>III</ans:observacao>
                     <ans:valorTotal >
                     <ans:valorProcedimentos >48.12</ans:valorProcedimentos >
                     <ans:valorDiarias>0.00</ans:valorDiarias>
                     <ans:valorTaxasAlugueis>0.00</ans:valorTaxasAlugueis>
                     <ans:valorMateriais>0.00</ans:valorMateriais>
                     <ans:valorMedicamentos>0.00</ans:valorMedicamentos>
                     <ans:valorOPME>0.00</ans:valorOPME>
                     <ans:valorGasesMedicinais>0.00</ans:valorGasesMedicinais>
                     <ans:valorTotalGeral>48.12</ans:valorTotalGeral>
                  </ans:valorTotal>
                  </ans:guiaSP-SADT>
                                                      <ans:guiaSP-SADT>
                      <ans:cabecalhoGuia>
                        <ans:registroANS>348520</ans:registroANS>
                     <ans:numeroGuiaPrestador>3125415</ans:numeroGuiaPrestador>
                     <ans:guiaPrincipal>1</ans:guiaPrincipal>
                  </ans:cabecalhoGuia>
                  <ans:dadosAutorizacao>
                  <ans:numeroGuiaOperadora>20392466</ans:numeroGuiaOperadora>
                  <ans:dataAutorizacao>2017-02-01</ans:dataAutorizacao>
                  </ans:dadosAutorizacao>
                  <ans:dadosBeneficiario>
                     <ans:numeroCarteira>1000162880019494951</ans:numeroCarteira>
                         <ans:atendimentoRN>S</ans:atendimentoRN>
                     <ans:nomeBeneficiario>ANTONIA ITAMAR DE OLIVEIRA SOUZA</ans:nomeBeneficiario>
                  </ans:dadosBeneficiario>
                                                  <ans:dadosSolicitante>
                     <ans:contratadoSolicitante>
                           <ans:cpfContratado>04111340601</ans:cpfContratado>
                        <ans:nomeContratado>PRO IMAGEM DIAGNOSTICO POR IMAGEM LTDA</ans:nomeContratado>
                     </ans:contratadoSolicitante>
                     <ans:profissionalSolicitante>
                        <ans:nomeProfissional>PAULO CESAR FERNANDES JUNIOR</ans:nomeProfissional>
                        <ans:conselhoProfissional>6</ans:conselhoProfissional>
                        <ans:numeroConselhoProfissional >36869</ans:numeroConselhoProfissional >
                            <ans:UF>23</ans:UF>
                        <ans:CBOS>999999</ans:CBOS>
                     </ans:profissionalSolicitante>
                  </ans:dadosSolicitante>
                  <ans:dadosSolicitacao>
                     <ans:dataSolicitacao>2017-02-01</ans:dataSolicitacao>
                     <ans:caraterAtendimento>1</ans:caraterAtendimento>
                     <ans:indicacaoClinica>I</ans:indicacaoClinica>
                  </ans:dadosSolicitacao>
                  <ans:dadosExecutante>
                        <ans:contratadoExecutante>
                        <ans:cpfContratado>04111340601</ans:cpfContratado>
                     <ans:nomeContratado>PRO IMAGEM DIAGNOSTICO POR IMAGEM LTDA</ans:nomeContratado>
                     </ans:contratadoExecutante>
                     <ans:CNES>3145115</ans:CNES>
                  </ans:dadosExecutante>
                  <ans:dadosAtendimento>
                  <ans:tipoAtendimento>04</ans:tipoAtendimento>
                  <ans:indicacaoAcidente>0</ans:indicacaoAcidente>
                  <ans:tipoConsulta>1</ans:tipoConsulta>
                  <ans:motivoEncerramento>41</ans:motivoEncerramento>
                  </ans:dadosAtendimento>
                  <ans:procedimentosExecutados>
                     <ans:procedimentoExecutado>
                            <ans:dataExecucao>2017-02-01</ans:dataExecucao>
                            <ans:horaInicial>13:49:10</ans:horaInicial>
                            <ans:horaFinal>13:49:10</ans:horaFinal>
                            <ans:procedimento>
                            <ans:codigoTabela>22</ans:codigoTabela>
                           <ans:codigoProcedimento>40901300</ans:codigoProcedimento>
                           <ans:descricaoProcedimento >US - Transvaginal (utero, ovario, anexos e vagina)</ans:descricaoProcedimento >
                           </ans:procedimento>                        
                    <ans:quantidadeExecutada>1</ans:quantidadeExecutada>
                        <ans:reducaoAcrescimo>1.00</ans:reducaoAcrescimo>
                        <ans:valorUnitario >48.12</ans:valorUnitario >
                        <ans:valorTotal>48.12</ans:valorTotal>
                        <ans:equipeSadt>
                        <ans:codProfissional>
                        <ans:codigoPrestadorNaOperadora>20174127</ans:codigoPrestadorNaOperadora>
                        </ans:codProfissional>
                        <ans:nomeProf>DENIZE RIBEIRO DE ALMEIDA</ans:nomeProf>
                        <ans:conselho>1</ans:conselho>
                        <ans:numeroConselhoProfissional>23948</ans:numeroConselhoProfissional>
                        <ans:UF>23</ans:UF>
                        <ans:CBOS>999999</ans:CBOS>
                        </ans:equipeSadt>
                  </ans:procedimentoExecutado>
                  </ans:procedimentosExecutados>
                  <ans:observacao>III</ans:observacao>
                     <ans:valorTotal >
                     <ans:valorProcedimentos >48.12</ans:valorProcedimentos >
                     <ans:valorDiarias>0.00</ans:valorDiarias>
                     <ans:valorTaxasAlugueis>0.00</ans:valorTaxasAlugueis>
                     <ans:valorMateriais>0.00</ans:valorMateriais>
                     <ans:valorMedicamentos>0.00</ans:valorMedicamentos>
                     <ans:valorOPME>0.00</ans:valorOPME>
                     <ans:valorGasesMedicinais>0.00</ans:valorGasesMedicinais>
                     <ans:valorTotalGeral>48.12</ans:valorTotalGeral>
                  </ans:valorTotal>
                  </ans:guiaSP-SADT>
                                                      <ans:guiaSP-SADT>
                      <ans:cabecalhoGuia>
                        <ans:registroANS>348520</ans:registroANS>
                     <ans:numeroGuiaPrestador>3125415</ans:numeroGuiaPrestador>
                     <ans:guiaPrincipal>1</ans:guiaPrincipal>
                  </ans:cabecalhoGuia>
                  <ans:dadosAutorizacao>
                  <ans:numeroGuiaOperadora>20392466</ans:numeroGuiaOperadora>
                  <ans:dataAutorizacao>2017-02-01</ans:dataAutorizacao>
                  </ans:dadosAutorizacao>
                  <ans:dadosBeneficiario>
                     <ans:numeroCarteira>1000162880019494951</ans:numeroCarteira>
                         <ans:atendimentoRN>S</ans:atendimentoRN>
                     <ans:nomeBeneficiario>ANTONIA ITAMAR DE OLIVEIRA SOUZA</ans:nomeBeneficiario>
                  </ans:dadosBeneficiario>
                                                  <ans:dadosSolicitante>
                     <ans:contratadoSolicitante>
                           <ans:cpfContratado>04111340601</ans:cpfContratado>
                        <ans:nomeContratado>PRO IMAGEM DIAGNOSTICO POR IMAGEM LTDA</ans:nomeContratado>
                     </ans:contratadoSolicitante>
                     <ans:profissionalSolicitante>
                        <ans:nomeProfissional>PAULO CESAR FERNANDES JUNIOR</ans:nomeProfissional>
                        <ans:conselhoProfissional>6</ans:conselhoProfissional>
                        <ans:numeroConselhoProfissional >36869</ans:numeroConselhoProfissional >
                            <ans:UF>23</ans:UF>
                        <ans:CBOS>999999</ans:CBOS>
                     </ans:profissionalSolicitante>
                  </ans:dadosSolicitante>
                  <ans:dadosSolicitacao>
                     <ans:dataSolicitacao>2017-02-01</ans:dataSolicitacao>
                     <ans:caraterAtendimento>1</ans:caraterAtendimento>
                     <ans:indicacaoClinica>I</ans:indicacaoClinica>
                  </ans:dadosSolicitacao>
                  <ans:dadosExecutante>
                        <ans:contratadoExecutante>
                        <ans:cpfContratado>04111340601</ans:cpfContratado>
                     <ans:nomeContratado>PRO IMAGEM DIAGNOSTICO POR IMAGEM LTDA</ans:nomeContratado>
                     </ans:contratadoExecutante>
                     <ans:CNES>3145115</ans:CNES>
                  </ans:dadosExecutante>
                  <ans:dadosAtendimento>
                  <ans:tipoAtendimento>04</ans:tipoAtendimento>
                  <ans:indicacaoAcidente>0</ans:indicacaoAcidente>
                  <ans:tipoConsulta>1</ans:tipoConsulta>
                  <ans:motivoEncerramento>41</ans:motivoEncerramento>
                  </ans:dadosAtendimento>
                  <ans:procedimentosExecutados>
                     <ans:procedimentoExecutado>
                            <ans:dataExecucao>2017-02-01</ans:dataExecucao>
                            <ans:horaInicial>13:49:10</ans:horaInicial>
                            <ans:horaFinal>13:49:10</ans:horaFinal>
                            <ans:procedimento>
                            <ans:codigoTabela>22</ans:codigoTabela>
                           <ans:codigoProcedimento>40808033</ans:codigoProcedimento>
                           <ans:descricaoProcedimento >Mamografia convencional bilateral</ans:descricaoProcedimento >
                           </ans:procedimento>                        
                    <ans:quantidadeExecutada>1</ans:quantidadeExecutada>
                        <ans:reducaoAcrescimo>1.00</ans:reducaoAcrescimo>
                        <ans:valorUnitario >83.98</ans:valorUnitario >
                        <ans:valorTotal>83.98</ans:valorTotal>
                        <ans:equipeSadt>
                        <ans:codProfissional>
                        <ans:codigoPrestadorNaOperadora>20174127</ans:codigoPrestadorNaOperadora>
                        </ans:codProfissional>
                        <ans:nomeProf>DENIZE RIBEIRO DE ALMEIDA</ans:nomeProf>
                        <ans:conselho>1</ans:conselho>
                        <ans:numeroConselhoProfissional>23948</ans:numeroConselhoProfissional>
                        <ans:UF>23</ans:UF>
                        <ans:CBOS>999999</ans:CBOS>
                        </ans:equipeSadt>
                  </ans:procedimentoExecutado>
                  </ans:procedimentosExecutados>
                  <ans:observacao>III</ans:observacao>
                     <ans:valorTotal >
                     <ans:valorProcedimentos >83.98</ans:valorProcedimentos >
                     <ans:valorDiarias>0.00</ans:valorDiarias>
                     <ans:valorTaxasAlugueis>0.00</ans:valorTaxasAlugueis>
                     <ans:valorMateriais>0.00</ans:valorMateriais>
                     <ans:valorMedicamentos>0.00</ans:valorMedicamentos>
                     <ans:valorOPME>0.00</ans:valorOPME>
                     <ans:valorGasesMedicinais>0.00</ans:valorGasesMedicinais>
                     <ans:valorTotalGeral>83.98</ans:valorTotalGeral>
                  </ans:valorTotal>
                  </ans:guiaSP-SADT>
                                                      <ans:guiaSP-SADT>
                      <ans:cabecalhoGuia>
                        <ans:registroANS>348520</ans:registroANS>
                     <ans:numeroGuiaPrestador>3125309</ans:numeroGuiaPrestador>
                     <ans:guiaPrincipal>1</ans:guiaPrincipal>
                  </ans:cabecalhoGuia>
                  <ans:dadosAutorizacao>
                  <ans:numeroGuiaOperadora>20387134</ans:numeroGuiaOperadora>
                  <ans:dataAutorizacao>2017-02-01</ans:dataAutorizacao>
                  </ans:dadosAutorizacao>
                  <ans:dadosBeneficiario>
                     <ans:numeroCarteira>1000095040018464057</ans:numeroCarteira>
                         <ans:atendimentoRN>S</ans:atendimentoRN>
                     <ans:nomeBeneficiario>TWILA GIOVANNA LEAL PINTO </ans:nomeBeneficiario>
                  </ans:dadosBeneficiario>
                                                  <ans:dadosSolicitante>
                     <ans:contratadoSolicitante>
                           <ans:cpfContratado>04111340601</ans:cpfContratado>
                        <ans:nomeContratado>PRO IMAGEM DIAGNOSTICO POR IMAGEM LTDA</ans:nomeContratado>
                     </ans:contratadoSolicitante>
                     <ans:profissionalSolicitante>
                        <ans:nomeProfissional>TANIA F.R.CUNHA</ans:nomeProfissional>
                        <ans:conselhoProfissional>6</ans:conselhoProfissional>
                        <ans:numeroConselhoProfissional >47972</ans:numeroConselhoProfissional >
                            <ans:UF>23</ans:UF>
                        <ans:CBOS>999999</ans:CBOS>
                     </ans:profissionalSolicitante>
                  </ans:dadosSolicitante>
                  <ans:dadosSolicitacao>
                     <ans:dataSolicitacao>2017-02-01</ans:dataSolicitacao>
                     <ans:caraterAtendimento>1</ans:caraterAtendimento>
                     <ans:indicacaoClinica>I</ans:indicacaoClinica>
                  </ans:dadosSolicitacao>
                  <ans:dadosExecutante>
                        <ans:contratadoExecutante>
                        <ans:cpfContratado>04111340601</ans:cpfContratado>
                     <ans:nomeContratado>PRO IMAGEM DIAGNOSTICO POR IMAGEM LTDA</ans:nomeContratado>
                     </ans:contratadoExecutante>
                     <ans:CNES>3145115</ans:CNES>
                  </ans:dadosExecutante>
                  <ans:dadosAtendimento>
                  <ans:tipoAtendimento>04</ans:tipoAtendimento>
                  <ans:indicacaoAcidente>0</ans:indicacaoAcidente>
                  <ans:tipoConsulta>1</ans:tipoConsulta>
                  <ans:motivoEncerramento>41</ans:motivoEncerramento>
                  </ans:dadosAtendimento>
                  <ans:procedimentosExecutados>
                     <ans:procedimentoExecutado>
                            <ans:dataExecucao>2017-02-01</ans:dataExecucao>
                            <ans:horaInicial>08:26:24</ans:horaInicial>
                            <ans:horaFinal>08:26:24</ans:horaFinal>
                            <ans:procedimento>
                            <ans:codigoTabela>22</ans:codigoTabela>
                           <ans:codigoProcedimento>40901262</ans:codigoProcedimento>
                           <ans:descricaoProcedimento >US - Obst�trica morfol�gica</ans:descricaoProcedimento >
                           </ans:procedimento>                        
                    <ans:quantidadeExecutada>1</ans:quantidadeExecutada>
                        <ans:reducaoAcrescimo>1.00</ans:reducaoAcrescimo>
                        <ans:valorUnitario >120.00</ans:valorUnitario >
                        <ans:valorTotal>120.00</ans:valorTotal>
                        <ans:equipeSadt>
                        <ans:codProfissional>
                        <ans:codigoPrestadorNaOperadora>20174127</ans:codigoPrestadorNaOperadora>
                        </ans:codProfissional>
                        <ans:nomeProf>LARA RODRIGUES FELIX</ans:nomeProf>
                        <ans:conselho>1</ans:conselho>
                        <ans:numeroConselhoProfissional>51888</ans:numeroConselhoProfissional>
                        <ans:UF>23</ans:UF>
                        <ans:CBOS>999999</ans:CBOS>
                        </ans:equipeSadt>
                  </ans:procedimentoExecutado>
                  </ans:procedimentosExecutados>
                  <ans:observacao>III</ans:observacao>
                     <ans:valorTotal >
                     <ans:valorProcedimentos >120.00</ans:valorProcedimentos >
                     <ans:valorDiarias>0.00</ans:valorDiarias>
                     <ans:valorTaxasAlugueis>0.00</ans:valorTaxasAlugueis>
                     <ans:valorMateriais>0.00</ans:valorMateriais>
                     <ans:valorMedicamentos>0.00</ans:valorMedicamentos>
                     <ans:valorOPME>0.00</ans:valorOPME>
                     <ans:valorGasesMedicinais>0.00</ans:valorGasesMedicinais>
                     <ans:valorTotalGeral>120.00</ans:valorTotalGeral>
                  </ans:valorTotal>
                  </ans:guiaSP-SADT>
                                                      <ans:guiaSP-SADT>
                      <ans:cabecalhoGuia>
                        <ans:registroANS>348520</ans:registroANS>
                     <ans:numeroGuiaPrestador>3125276</ans:numeroGuiaPrestador>
                     <ans:guiaPrincipal>1</ans:guiaPrincipal>
                  </ans:cabecalhoGuia>
                  <ans:dadosAutorizacao>
                  <ans:numeroGuiaOperadora>20386187</ans:numeroGuiaOperadora>
                  <ans:dataAutorizacao>2017-02-01</ans:dataAutorizacao>
                  </ans:dadosAutorizacao>
                  <ans:dadosBeneficiario>
                     <ans:numeroCarteira>1120142520010285702</ans:numeroCarteira>
                         <ans:atendimentoRN>S</ans:atendimentoRN>
                     <ans:nomeBeneficiario>MARIA APARECIDA SILVA</ans:nomeBeneficiario>
                  </ans:dadosBeneficiario>
                                                  <ans:dadosSolicitante>
                     <ans:contratadoSolicitante>
                           <ans:cpfContratado>04111340601</ans:cpfContratado>
                        <ans:nomeContratado>PRO IMAGEM DIAGNOSTICO POR IMAGEM LTDA</ans:nomeContratado>
                     </ans:contratadoSolicitante>
                     <ans:profissionalSolicitante>
                        <ans:nomeProfissional>SIMONE MARTINELLI REIS</ans:nomeProfissional>
                        <ans:conselhoProfissional>6</ans:conselhoProfissional>
                        <ans:numeroConselhoProfissional >39138</ans:numeroConselhoProfissional >
                            <ans:UF>23</ans:UF>
                        <ans:CBOS>999999</ans:CBOS>
                     </ans:profissionalSolicitante>
                  </ans:dadosSolicitante>
                  <ans:dadosSolicitacao>
                     <ans:dataSolicitacao>2017-02-01</ans:dataSolicitacao>
                     <ans:caraterAtendimento>1</ans:caraterAtendimento>
                     <ans:indicacaoClinica>I</ans:indicacaoClinica>
                  </ans:dadosSolicitacao>
                  <ans:dadosExecutante>
                        <ans:contratadoExecutante>
                        <ans:cpfContratado>04111340601</ans:cpfContratado>
                     <ans:nomeContratado>PRO IMAGEM DIAGNOSTICO POR IMAGEM LTDA</ans:nomeContratado>
                     </ans:contratadoExecutante>
                     <ans:CNES>3145115</ans:CNES>
                  </ans:dadosExecutante>
                  <ans:dadosAtendimento>
                  <ans:tipoAtendimento>04</ans:tipoAtendimento>
                  <ans:indicacaoAcidente>0</ans:indicacaoAcidente>
                  <ans:tipoConsulta>1</ans:tipoConsulta>
                  <ans:motivoEncerramento>41</ans:motivoEncerramento>
                  </ans:dadosAtendimento>
                  <ans:procedimentosExecutados>
                     <ans:procedimentoExecutado>
                            <ans:dataExecucao>2017-02-01</ans:dataExecucao>
                            <ans:horaInicial>07:19:01</ans:horaInicial>
                            <ans:horaFinal>07:19:01</ans:horaFinal>
                            <ans:procedimento>
                            <ans:codigoTabela>22</ans:codigoTabela>
                           <ans:codigoProcedimento>41101227</ans:codigoProcedimento>
                           <ans:descricaoProcedimento >RM COLUNA CERVICAL DORSAL OU LOMBAR (COM CONTRASTE)</ans:descricaoProcedimento >
                           </ans:procedimento>                        
                    <ans:quantidadeExecutada>1</ans:quantidadeExecutada>
                        <ans:reducaoAcrescimo>1.00</ans:reducaoAcrescimo>
                        <ans:valorUnitario >430.00</ans:valorUnitario >
                        <ans:valorTotal>430.00</ans:valorTotal>
                        <ans:equipeSadt>
                        <ans:codProfissional>
                        <ans:codigoPrestadorNaOperadora>20174127</ans:codigoPrestadorNaOperadora>
                        </ans:codProfissional>
                        <ans:nomeProf>ALISSON OLIVEIRA</ans:nomeProf>
                        <ans:conselho>1</ans:conselho>
                        <ans:numeroConselhoProfissional>49499</ans:numeroConselhoProfissional>
                        <ans:UF>23</ans:UF>
                        <ans:CBOS>999999</ans:CBOS>
                        </ans:equipeSadt>
                  </ans:procedimentoExecutado>
                  </ans:procedimentosExecutados>
                  <ans:observacao>III</ans:observacao>
                     <ans:valorTotal >
                     <ans:valorProcedimentos >430.00</ans:valorProcedimentos >
                     <ans:valorDiarias>0.00</ans:valorDiarias>
                     <ans:valorTaxasAlugueis>0.00</ans:valorTaxasAlugueis>
                     <ans:valorMateriais>0.00</ans:valorMateriais>
                     <ans:valorMedicamentos>0.00</ans:valorMedicamentos>
                     <ans:valorOPME>0.00</ans:valorOPME>
                     <ans:valorGasesMedicinais>0.00</ans:valorGasesMedicinais>
                     <ans:valorTotalGeral>430.00</ans:valorTotalGeral>
                  </ans:valorTotal>
                  </ans:guiaSP-SADT>   </ans:guiasTISS>
      </ans:loteGuias>
   </ans:prestadorParaOperadora>
   <ans:epilogo>
      <ans:hash>035753bf836c231bedbc68a08daf4668</ans:hash>
   </ans:epilogo>
</ans:mensagemTISS>
