<?xml version='1.0' encoding='iso-8859-1'?>
    <ans:mensagemTISS xmlns='http://www.w3.org/2001/XMLSchema' xmlns:ans='http://www.ans.gov.br/padroes/tiss/schemas'>
       <ans:cabecalho>
          <ans:identificacaoTransacao>
             <ans:tipoTransacao>ENVIO_LOTE_GUIAS</ans:tipoTransacao>
             <ans:sequencialTransacao>7846</ans:sequencialTransacao>
             <ans:dataRegistroTransacao>2018-02-01</ans:dataRegistroTransacao>
             <ans:horaRegistroTransacao>15:04:37</ans:horaRegistroTransacao>
          </ans:identificacaoTransacao>
          <ans:origem>
             <ans:identificacaoPrestador>
                <ans:codigoPrestadorNaOperadora>46091083</ans:codigoPrestadorNaOperadora>
             </ans:identificacaoPrestador>
          </ans:origem>
          <ans:destino>
             <ans:registroANS>351091</ans:registroANS>
          </ans:destino>
          <ans:Padrao>3.03.02</ans:Padrao>
       </ans:cabecalho>
       
       <ans:prestadorParaOperadora>
          <ans:loteGuias>
             <ans:numeroLote>7899</ans:numeroLote>
                <ans:guiasTISS>
                <ans:guiaSP-SADT>
                          <ans:cabecalhoGuia>
                            <ans:registroANS>351091</ans:registroANS>
                         <ans:numeroGuiaPrestador>3018509</ans:numeroGuiaPrestador>
                         <ans:guiaPrincipal>1</ans:guiaPrincipal>
                      </ans:cabecalhoGuia>
                      <ans:dadosAutorizacao>
                      <ans:numeroGuiaOperadora>0000000</ans:numeroGuiaOperadora>
                      <ans:dataAutorizacao>2018-02-01</ans:dataAutorizacao>
                      </ans:dadosAutorizacao>
                      <ans:dadosBeneficiario>
                         <ans:numeroCarteira>0000000</ans:numeroCarteira>
                             <ans:atendimentoRN>S</ans:atendimentoRN>
                         <ans:nomeBeneficiario>ALINE RODRIGUES CAVALCANTE OLIVEIRA</ans:nomeBeneficiario>
                      </ans:dadosBeneficiario>
                      
                      <ans:dadosSolicitante>
                         <ans:contratadoSolicitante>
                               <ans:cpfContratado></ans:cpfContratado>
                               <ans:nomeContratado>CLINICA MED - DIAGNOSTICO POR IMAGEM LTDA</ans:nomeContratado>
                         </ans:contratadoSolicitante>
                         <ans:profissionalSolicitante>
                            <ans:nomeProfissional>JULIANA TOMAZ LIMA</ans:nomeProfissional>
                            <ans:conselhoProfissional>06</ans:conselhoProfissional>
                            <ans:numeroConselhoProfissional >11244</ans:numeroConselhoProfissional >
                            <ans:UF>23</ans:UF>
                            <ans:CBOS>999999</ans:CBOS>
                         </ans:profissionalSolicitante>
                      </ans:dadosSolicitante>
                      
                      <ans:dadosSolicitacao>
                         <ans:dataSolicitacao>2018-02-01</ans:dataSolicitacao>
                         <ans:caraterAtendimento>1</ans:caraterAtendimento>
                         <ans:indicacaoClinica>I</ans:indicacaoClinica>
                      </ans:dadosSolicitacao>
                      
                      <ans:dadosExecutante>
                        <ans:contratadoExecutante>
                            <ans:cpfContratado></ans:cpfContratado>
                            <ans:nomeContratado>CLINICA MED - DIAGNOSTICO POR IMAGEM LTDA</ans:nomeContratado>
                         </ans:contratadoExecutante>
                         <ans:CNES>3348873</ans:CNES>
                      </ans:dadosExecutante>
                        
                      <ans:dadosAtendimento>
                        <ans:tipoAtendimento>04</ans:tipoAtendimento>
                        <ans:indicacaoAcidente>0</ans:indicacaoAcidente>
                        <ans:tipoConsulta>1</ans:tipoConsulta>
                        
                      </ans:dadosAtendimento><ans:procedimentosExecutados>
                         <ans:procedimentoExecutado>
                                <ans:dataExecucao>2018-02-01</ans:dataExecucao>
                                <ans:horaInicial>07:47:53</ans:horaInicial>
                                <ans:horaFinal>07:47:53</ans:horaFinal>
                                <ans:procedimento>
                                    <ans:codigoTabela>22</ans:codigoTabela>
                                    <ans:codigoProcedimento>40901300</ans:codigoProcedimento>
                                    <ans:descricaoProcedimento >US - Transvaginal (�tero, ov�rio, anexos e vagina)</ans:descricaoProcedimento >
                                </ans:procedimento>                        
                                <ans:quantidadeExecutada>1</ans:quantidadeExecutada>
                                <ans:reducaoAcrescimo>1.00</ans:reducaoAcrescimo>
                                <ans:valorUnitario >55.00</ans:valorUnitario >
                                <ans:valorTotal>55.00</ans:valorTotal>
                                <ans:equipeSadt>
                                    <ans:grauPart>12</ans:grauPart>
                                    <ans:codProfissional>
                                        <ans:codigoPrestadorNaOperadora>46091083</ans:codigoPrestadorNaOperadora>
                                    </ans:codProfissional>
                                    <ans:nomeProf>JUAREZ DE FREITAS VALE FILHO</ans:nomeProf>
                                    <ans:conselho>01</ans:conselho>
                                    <ans:numeroConselhoProfissional>15786</ans:numeroConselhoProfissional>
                                    <ans:UF>23</ans:UF>
                                    <ans:CBOS>999999</ans:CBOS>
                                </ans:equipeSadt>
                      </ans:procedimentoExecutado>
                    </ans:procedimentosExecutados>
                      <ans:observacao>III</ans:observacao>
                         <ans:valorTotal >
                         <ans:valorProcedimentos >55.00</ans:valorProcedimentos >
                         <ans:valorDiarias>0.00</ans:valorDiarias>
                         <ans:valorTaxasAlugueis>0.00</ans:valorTaxasAlugueis>
                         <ans:valorMateriais>0.00</ans:valorMateriais>
                         <ans:valorMedicamentos>0.00</ans:valorMedicamentos>
                         <ans:valorOPME>0.00</ans:valorOPME>
                         <ans:valorGasesMedicinais>0.00</ans:valorGasesMedicinais>
                         <ans:valorTotalGeral>55.00</ans:valorTotalGeral>
                      </ans:valorTotal>
                      </ans:guiaSP-SADT>   </ans:guiasTISS>
          </ans:loteGuias>
       </ans:prestadorParaOperadora>
       <ans:epilogo>
          <ans:hash>035753bf836c231bedbc68a08daf4668</ans:hash>
       </ans:epilogo>
    </ans:mensagemTISS>
