<?xml version='1.0' encoding='iso-8859-1'?>
    <ans:mensagemTISS xmlns='http://www.w3.org/2001/XMLSchema' xmlns:ans='http://www.ans.gov.br/padroes/tiss/schemas'>
       <ans:cabecalho>
          <ans:identificacaoTransacao>
             <ans:tipoTransacao>ENVIO_LOTE_GUIAS</ans:tipoTransacao>
             <ans:sequencialTransacao>8071</ans:sequencialTransacao>
             <ans:dataRegistroTransacao>2017-09-04</ans:dataRegistroTransacao>
             <ans:horaRegistroTransacao>12:02:22</ans:horaRegistroTransacao>
          </ans:identificacaoTransacao>
          <ans:origem>
             <ans:identificacaoPrestador>
                <ans:codigoPrestadorNaOperadora>5018889</ans:codigoPrestadorNaOperadora>
             </ans:identificacaoPrestador>
          </ans:origem>
          <ans:destino>
             <ans:registroANS>323080</ans:registroANS>
          </ans:destino>
          <ans:Padrao>3.03.02</ans:Padrao>
       </ans:cabecalho>
       <ans:prestadorParaOperadora>
          <ans:loteGuias>
             <ans:numeroLote>8124</ans:numeroLote>
                <ans:guiasTISS>
                <ans:guiaConsulta>
                    <ans:cabecalhoConsulta>
                        <ans:registroANS>323080</ans:registroANS>
                        <ans:numeroGuiaPrestador>3059462</ans:numeroGuiaPrestador>
                    </ans:cabecalhoConsulta>
                    <ans:numeroGuiaOperadora>0000000</ans:numeroGuiaOperadora>
                    <ans:dadosBeneficiario>
                        <ans:numeroCarteira>0903002708230186</ans:numeroCarteira>
                        <ans:atendimentoRN>N</ans:atendimentoRN>
                        <ans:nomeBeneficiario>JORGE SEBASTIAO COLARES CAMARGO</ans:nomeBeneficiario>
                    </ans:dadosBeneficiario>
                    <ans:contratadoExecutante>
                        <ans:codigoPrestadorNaOperadora>5018889</ans:codigoPrestadorNaOperadora>
                        <ans:nomeContratado>CIRUCARDIO CIRURGIA CARDIOVA.LTDA-ME</ans:nomeContratado>
                        <ans:CNES>3478181</ans:CNES>
                    </ans:contratadoExecutante>
                    <ans:profissionalExecutante>
                        <ans:nomeProfissional>GISLANO HEVERTON SOARES DE LIRA</ans:nomeProfissional>
                        <ans:conselhoProfissional>06</ans:conselhoProfissional>
                        <ans:numeroConselhoProfissional>10332</ans:numeroConselhoProfissional>
                        <ans:UF>15</ans:UF>
                        <ans:CBOS>225120</ans:CBOS>
                    </ans:profissionalExecutante>
                    <ans:indicacaoAcidente>9</ans:indicacaoAcidente>
                    <ans:dadosAtendimento>
                        <ans:dataAtendimento>2017-09-04</ans:dataAtendimento>
                        <ans:tipoConsulta>1</ans:tipoConsulta>
                        <ans:procedimento>
                            <ans:codigoTabela>22</ans:codigoTabela>
                            <ans:codigoProcedimento>10101012</ans:codigoProcedimento>
                            <ans:valorProcedimento>0.00</ans:valorProcedimento>
                        </ans:procedimento>
                    </ans:dadosAtendimento>
                </ans:guiaConsulta>
                <ans:guiaConsulta>
                    <ans:cabecalhoConsulta>
                        <ans:registroANS>323080</ans:registroANS>
                        <ans:numeroGuiaPrestador>3059447</ans:numeroGuiaPrestador>
                    </ans:cabecalhoConsulta>
                    <ans:numeroGuiaOperadora>0000000</ans:numeroGuiaOperadora>
                    <ans:dadosBeneficiario>
                        <ans:numeroCarteira>0201010428280005</ans:numeroCarteira>
                        <ans:atendimentoRN>N</ans:atendimentoRN>
                        <ans:nomeBeneficiario>MARIA DAS CANDEIAS CARLOS DIAS</ans:nomeBeneficiario>
                    </ans:dadosBeneficiario>
                    <ans:contratadoExecutante>
                        <ans:codigoPrestadorNaOperadora>5018889</ans:codigoPrestadorNaOperadora>
                        <ans:nomeContratado>CIRUCARDIO CIRURGIA CARDIOVA.LTDA-ME</ans:nomeContratado>
                        <ans:CNES>3478181</ans:CNES>
                    </ans:contratadoExecutante>
                    <ans:profissionalExecutante>
                        <ans:nomeProfissional>HENRIQUE JORGE MAIA COSTA</ans:nomeProfissional>
                        <ans:conselhoProfissional>06</ans:conselhoProfissional>
                        <ans:numeroConselhoProfissional>6320</ans:numeroConselhoProfissional>
                        <ans:UF>15</ans:UF>
                        <ans:CBOS>225120</ans:CBOS>
                    </ans:profissionalExecutante>
                    <ans:indicacaoAcidente>9</ans:indicacaoAcidente>
                    <ans:dadosAtendimento>
                        <ans:dataAtendimento>2017-09-04</ans:dataAtendimento>
                        <ans:tipoConsulta>1</ans:tipoConsulta>
                        <ans:procedimento>
                            <ans:codigoTabela>22</ans:codigoTabela>
                            <ans:codigoProcedimento>10101012</ans:codigoProcedimento>
                            <ans:valorProcedimento>250.00</ans:valorProcedimento>
                        </ans:procedimento>
                    </ans:dadosAtendimento>
                </ans:guiaConsulta>
                <ans:guiaConsulta>
                    <ans:cabecalhoConsulta>
                        <ans:registroANS>323080</ans:registroANS>
                        <ans:numeroGuiaPrestador>3059460</ans:numeroGuiaPrestador>
                    </ans:cabecalhoConsulta>
                    <ans:numeroGuiaOperadora>0000000</ans:numeroGuiaOperadora>
                    <ans:dadosBeneficiario>
                        <ans:numeroCarteira>0901000018400505</ans:numeroCarteira>
                        <ans:atendimentoRN>N</ans:atendimentoRN>
                        <ans:nomeBeneficiario>ROBERIO MONTENEGRO PEGADO </ans:nomeBeneficiario>
                    </ans:dadosBeneficiario>
                    <ans:contratadoExecutante>
                        <ans:codigoPrestadorNaOperadora>5018889</ans:codigoPrestadorNaOperadora>
                        <ans:nomeContratado>CIRUCARDIO CIRURGIA CARDIOVA.LTDA-ME</ans:nomeContratado>
                        <ans:CNES>3478181</ans:CNES>
                    </ans:contratadoExecutante>
                    <ans:profissionalExecutante>
                        <ans:nomeProfissional>PATRICIA LOPES DE SOUZA</ans:nomeProfissional>
                        <ans:conselhoProfissional>06</ans:conselhoProfissional>
                        <ans:numeroConselhoProfissional>6576</ans:numeroConselhoProfissional>
                        <ans:UF>15</ans:UF>
                        <ans:CBOS>225120</ans:CBOS>
                    </ans:profissionalExecutante>
                    <ans:indicacaoAcidente>9</ans:indicacaoAcidente>
                    <ans:dadosAtendimento>
                        <ans:dataAtendimento>2017-09-04</ans:dataAtendimento>
                        <ans:tipoConsulta>1</ans:tipoConsulta>
                        <ans:procedimento>
                            <ans:codigoTabela>22</ans:codigoTabela>
                            <ans:codigoProcedimento>10101012</ans:codigoProcedimento>
                            <ans:valorProcedimento>70.00</ans:valorProcedimento>
                        </ans:procedimento>
                    </ans:dadosAtendimento>
                </ans:guiaConsulta>
                <ans:guiaConsulta>
                    <ans:cabecalhoConsulta>
                        <ans:registroANS>323080</ans:registroANS>
                        <ans:numeroGuiaPrestador>3059473</ans:numeroGuiaPrestador>
                    </ans:cabecalhoConsulta>
                    <ans:numeroGuiaOperadora>0000000</ans:numeroGuiaOperadora>
                    <ans:dadosBeneficiario>
                        <ans:numeroCarteira>0901000037830382</ans:numeroCarteira>
                        <ans:atendimentoRN>N</ans:atendimentoRN>
                        <ans:nomeBeneficiario>HEWAN NEVES DE MESQUITA</ans:nomeBeneficiario>
                    </ans:dadosBeneficiario>
                    <ans:contratadoExecutante>
                        <ans:codigoPrestadorNaOperadora>5018889</ans:codigoPrestadorNaOperadora>
                        <ans:nomeContratado>CIRUCARDIO CIRURGIA CARDIOVA.LTDA-ME</ans:nomeContratado>
                        <ans:CNES>3478181</ans:CNES>
                    </ans:contratadoExecutante>
                    <ans:profissionalExecutante>
                        <ans:nomeProfissional>GISLANO HEVERTON SOARES DE LIRA</ans:nomeProfissional>
                        <ans:conselhoProfissional>06</ans:conselhoProfissional>
                        <ans:numeroConselhoProfissional>10332</ans:numeroConselhoProfissional>
                        <ans:UF>15</ans:UF>
                        <ans:CBOS>225120</ans:CBOS>
                    </ans:profissionalExecutante>
                    <ans:indicacaoAcidente>9</ans:indicacaoAcidente>
                    <ans:dadosAtendimento>
                        <ans:dataAtendimento>2017-09-04</ans:dataAtendimento>
                        <ans:tipoConsulta>1</ans:tipoConsulta>
                        <ans:procedimento>
                            <ans:codigoTabela>22</ans:codigoTabela>
                            <ans:codigoProcedimento>10101012</ans:codigoProcedimento>
                            <ans:valorProcedimento>0.00</ans:valorProcedimento>
                        </ans:procedimento>
                    </ans:dadosAtendimento>
                </ans:guiaConsulta>
                <ans:guiaConsulta>
                    <ans:cabecalhoConsulta>
                        <ans:registroANS>323080</ans:registroANS>
                        <ans:numeroGuiaPrestador>3059485</ans:numeroGuiaPrestador>
                    </ans:cabecalhoConsulta>
                    <ans:numeroGuiaOperadora>0000000</ans:numeroGuiaOperadora>
                    <ans:dadosBeneficiario>
                        <ans:numeroCarteira>0302000218050471</ans:numeroCarteira>
                        <ans:atendimentoRN>N</ans:atendimentoRN>
                        <ans:nomeBeneficiario>MARIA DE FATIMA MONTEIRO VASCONCELOS</ans:nomeBeneficiario>
                    </ans:dadosBeneficiario>
                    <ans:contratadoExecutante>
                        <ans:codigoPrestadorNaOperadora>5018889</ans:codigoPrestadorNaOperadora>
                        <ans:nomeContratado>CIRUCARDIO CIRURGIA CARDIOVA.LTDA-ME</ans:nomeContratado>
                        <ans:CNES>3478181</ans:CNES>
                    </ans:contratadoExecutante>
                    <ans:profissionalExecutante>
                        <ans:nomeProfissional>LAURA DA SILVA GIRAO</ans:nomeProfissional>
                        <ans:conselhoProfissional>06</ans:conselhoProfissional>
                        <ans:numeroConselhoProfissional>9075</ans:numeroConselhoProfissional>
                        <ans:UF>15</ans:UF>
                        <ans:CBOS>225120</ans:CBOS>
                    </ans:profissionalExecutante>
                    <ans:indicacaoAcidente>9</ans:indicacaoAcidente>
                    <ans:dadosAtendimento>
                        <ans:dataAtendimento>2017-09-05</ans:dataAtendimento>
                        <ans:tipoConsulta>1</ans:tipoConsulta>
                        <ans:procedimento>
                            <ans:codigoTabela>22</ans:codigoTabela>
                            <ans:codigoProcedimento>10101012</ans:codigoProcedimento>
                            <ans:valorProcedimento>70.00</ans:valorProcedimento>
                        </ans:procedimento>
                    </ans:dadosAtendimento>
                </ans:guiaConsulta>
                <ans:guiaConsulta>
                    <ans:cabecalhoConsulta>
                        <ans:registroANS>323080</ans:registroANS>
                        <ans:numeroGuiaPrestador>3059492</ans:numeroGuiaPrestador>
                    </ans:cabecalhoConsulta>
                    <ans:numeroGuiaOperadora>0000000</ans:numeroGuiaOperadora>
                    <ans:dadosBeneficiario>
                        <ans:numeroCarteira>0201011774650034</ans:numeroCarteira>
                        <ans:atendimentoRN>N</ans:atendimentoRN>
                        <ans:nomeBeneficiario>JESSICA CAMPELO DE PAIVA</ans:nomeBeneficiario>
                    </ans:dadosBeneficiario>
                    <ans:contratadoExecutante>
                        <ans:codigoPrestadorNaOperadora>5018889</ans:codigoPrestadorNaOperadora>
                        <ans:nomeContratado>CIRUCARDIO CIRURGIA CARDIOVA.LTDA-ME</ans:nomeContratado>
                        <ans:CNES>3478181</ans:CNES>
                    </ans:contratadoExecutante>
                    <ans:profissionalExecutante>
                        <ans:nomeProfissional>LAURA DA SILVA GIRAO</ans:nomeProfissional>
                        <ans:conselhoProfissional>06</ans:conselhoProfissional>
                        <ans:numeroConselhoProfissional>9075</ans:numeroConselhoProfissional>
                        <ans:UF>15</ans:UF>
                        <ans:CBOS>225120</ans:CBOS>
                    </ans:profissionalExecutante>
                    <ans:indicacaoAcidente>9</ans:indicacaoAcidente>
                    <ans:dadosAtendimento>
                        <ans:dataAtendimento>2017-09-05</ans:dataAtendimento>
                        <ans:tipoConsulta>1</ans:tipoConsulta>
                        <ans:procedimento>
                            <ans:codigoTabela>22</ans:codigoTabela>
                            <ans:codigoProcedimento>10101012</ans:codigoProcedimento>
                            <ans:valorProcedimento>70.00</ans:valorProcedimento>
                        </ans:procedimento>
                    </ans:dadosAtendimento>
                </ans:guiaConsulta>
                <ans:guiaConsulta>
                    <ans:cabecalhoConsulta>
                        <ans:registroANS>323080</ans:registroANS>
                        <ans:numeroGuiaPrestador>3059513</ans:numeroGuiaPrestador>
                    </ans:cabecalhoConsulta>
                    <ans:numeroGuiaOperadora>0000000</ans:numeroGuiaOperadora>
                    <ans:dadosBeneficiario>
                        <ans:numeroCarteira>0701011162350194</ans:numeroCarteira>
                        <ans:atendimentoRN>N</ans:atendimentoRN>
                        <ans:nomeBeneficiario>OZANIRA DUARTE FIQUEREDO</ans:nomeBeneficiario>
                    </ans:dadosBeneficiario>
                    <ans:contratadoExecutante>
                        <ans:codigoPrestadorNaOperadora>5018889</ans:codigoPrestadorNaOperadora>
                        <ans:nomeContratado>CIRUCARDIO CIRURGIA CARDIOVA.LTDA-ME</ans:nomeContratado>
                        <ans:CNES>3478181</ans:CNES>
                    </ans:contratadoExecutante>
                    <ans:profissionalExecutante>
                        <ans:nomeProfissional>JULIANA ROLIM FERNANDES</ans:nomeProfissional>
                        <ans:conselhoProfissional>06</ans:conselhoProfissional>
                        <ans:numeroConselhoProfissional>6773</ans:numeroConselhoProfissional>
                        <ans:UF>15</ans:UF>
                        <ans:CBOS>225120</ans:CBOS>
                    </ans:profissionalExecutante>
                    <ans:indicacaoAcidente>9</ans:indicacaoAcidente>
                    <ans:dadosAtendimento>
                        <ans:dataAtendimento>2017-09-05</ans:dataAtendimento>
                        <ans:tipoConsulta>1</ans:tipoConsulta>
                        <ans:procedimento>
                            <ans:codigoTabela>22</ans:codigoTabela>
                            <ans:codigoProcedimento>10101012</ans:codigoProcedimento>
                            <ans:valorProcedimento>70.00</ans:valorProcedimento>
                        </ans:procedimento>
                    </ans:dadosAtendimento>
                </ans:guiaConsulta>
                <ans:guiaConsulta>
                    <ans:cabecalhoConsulta>
                        <ans:registroANS>323080</ans:registroANS>
                        <ans:numeroGuiaPrestador>3059516</ans:numeroGuiaPrestador>
                    </ans:cabecalhoConsulta>
                    <ans:numeroGuiaOperadora>0000000</ans:numeroGuiaOperadora>
                    <ans:dadosBeneficiario>
                        <ans:numeroCarteira>0901002377330021</ans:numeroCarteira>
                        <ans:atendimentoRN>N</ans:atendimentoRN>
                        <ans:nomeBeneficiario>VELEDA FILGUEIRAS DE MENEZES</ans:nomeBeneficiario>
                    </ans:dadosBeneficiario>
                    <ans:contratadoExecutante>
                        <ans:codigoPrestadorNaOperadora>5018889</ans:codigoPrestadorNaOperadora>
                        <ans:nomeContratado>CIRUCARDIO CIRURGIA CARDIOVA.LTDA-ME</ans:nomeContratado>
                        <ans:CNES>3478181</ans:CNES>
                    </ans:contratadoExecutante>
                    <ans:profissionalExecutante>
                        <ans:nomeProfissional>JULIANA ROLIM FERNANDES</ans:nomeProfissional>
                        <ans:conselhoProfissional>06</ans:conselhoProfissional>
                        <ans:numeroConselhoProfissional>6773</ans:numeroConselhoProfissional>
                        <ans:UF>15</ans:UF>
                        <ans:CBOS>225120</ans:CBOS>
                    </ans:profissionalExecutante>
                    <ans:indicacaoAcidente>9</ans:indicacaoAcidente>
                    <ans:dadosAtendimento>
                        <ans:dataAtendimento>2017-09-05</ans:dataAtendimento>
                        <ans:tipoConsulta>1</ans:tipoConsulta>
                        <ans:procedimento>
                            <ans:codigoTabela>22</ans:codigoTabela>
                            <ans:codigoProcedimento>10101012</ans:codigoProcedimento>
                            <ans:valorProcedimento>70.00</ans:valorProcedimento>
                        </ans:procedimento>
                    </ans:dadosAtendimento>
                </ans:guiaConsulta>
                <ans:guiaConsulta>
                    <ans:cabecalhoConsulta>
                        <ans:registroANS>323080</ans:registroANS>
                        <ans:numeroGuiaPrestador>3059541</ans:numeroGuiaPrestador>
                    </ans:cabecalhoConsulta>
                    <ans:numeroGuiaOperadora>0000000</ans:numeroGuiaOperadora>
                    <ans:dadosBeneficiario>
                        <ans:numeroCarteira>0901000018400009</ans:numeroCarteira>
                        <ans:atendimentoRN>N</ans:atendimentoRN>
                        <ans:nomeBeneficiario>ANGELICA MARIA GOYANNA PEGADO</ans:nomeBeneficiario>
                    </ans:dadosBeneficiario>
                    <ans:contratadoExecutante>
                        <ans:codigoPrestadorNaOperadora>5018889</ans:codigoPrestadorNaOperadora>
                        <ans:nomeContratado>CIRUCARDIO CIRURGIA CARDIOVA.LTDA-ME</ans:nomeContratado>
                        <ans:CNES>3478181</ans:CNES>
                    </ans:contratadoExecutante>
                    <ans:profissionalExecutante>
                        <ans:nomeProfissional>PATRICIA LOPES DE SOUZA</ans:nomeProfissional>
                        <ans:conselhoProfissional>06</ans:conselhoProfissional>
                        <ans:numeroConselhoProfissional>6576</ans:numeroConselhoProfissional>
                        <ans:UF>15</ans:UF>
                        <ans:CBOS>225120</ans:CBOS>
                    </ans:profissionalExecutante>
                    <ans:indicacaoAcidente>9</ans:indicacaoAcidente>
                    <ans:dadosAtendimento>
                        <ans:dataAtendimento>2017-09-05</ans:dataAtendimento>
                        <ans:tipoConsulta>1</ans:tipoConsulta>
                        <ans:procedimento>
                            <ans:codigoTabela>22</ans:codigoTabela>
                            <ans:codigoProcedimento>10101012</ans:codigoProcedimento>
                            <ans:valorProcedimento>70.00</ans:valorProcedimento>
                        </ans:procedimento>
                    </ans:dadosAtendimento>
                </ans:guiaConsulta>
                <ans:guiaConsulta>
                    <ans:cabecalhoConsulta>
                        <ans:registroANS>323080</ans:registroANS>
                        <ans:numeroGuiaPrestador>3059546</ans:numeroGuiaPrestador>
                    </ans:cabecalhoConsulta>
                    <ans:numeroGuiaOperadora>0000000</ans:numeroGuiaOperadora>
                    <ans:dadosBeneficiario>
                        <ans:numeroCarteira>0301006834440003</ans:numeroCarteira>
                        <ans:atendimentoRN>N</ans:atendimentoRN>
                        <ans:nomeBeneficiario>ANTONIO DE SOUSA ESTANISLAU</ans:nomeBeneficiario>
                    </ans:dadosBeneficiario>
                    <ans:contratadoExecutante>
                        <ans:codigoPrestadorNaOperadora>5018889</ans:codigoPrestadorNaOperadora>
                        <ans:nomeContratado>CIRUCARDIO CIRURGIA CARDIOVA.LTDA-ME</ans:nomeContratado>
                        <ans:CNES>3478181</ans:CNES>
                    </ans:contratadoExecutante>
                    <ans:profissionalExecutante>
                        <ans:nomeProfissional>NATACHA HOLANDA GURJAO</ans:nomeProfissional>
                        <ans:conselhoProfissional>06</ans:conselhoProfissional>
                        <ans:numeroConselhoProfissional>11756</ans:numeroConselhoProfissional>
                        <ans:UF>15</ans:UF>
                        <ans:CBOS>225120</ans:CBOS>
                    </ans:profissionalExecutante>
                    <ans:indicacaoAcidente>9</ans:indicacaoAcidente>
                    <ans:dadosAtendimento>
                        <ans:dataAtendimento>2017-09-06</ans:dataAtendimento>
                        <ans:tipoConsulta>1</ans:tipoConsulta>
                        <ans:procedimento>
                            <ans:codigoTabela>22</ans:codigoTabela>
                            <ans:codigoProcedimento>10101012</ans:codigoProcedimento>
                            <ans:valorProcedimento>70.00</ans:valorProcedimento>
                        </ans:procedimento>
                    </ans:dadosAtendimento>
                </ans:guiaConsulta>
                <ans:guiaConsulta>
                    <ans:cabecalhoConsulta>
                        <ans:registroANS>323080</ans:registroANS>
                        <ans:numeroGuiaPrestador>3059553</ans:numeroGuiaPrestador>
                    </ans:cabecalhoConsulta>
                    <ans:numeroGuiaOperadora>0000000</ans:numeroGuiaOperadora>
                    <ans:dadosBeneficiario>
                        <ans:numeroCarteira>0301001028480680</ans:numeroCarteira>
                        <ans:atendimentoRN>N</ans:atendimentoRN>
                        <ans:nomeBeneficiario>MARIA NEUZA ALVES DA SILVA BRAGA</ans:nomeBeneficiario>
                    </ans:dadosBeneficiario>
                    <ans:contratadoExecutante>
                        <ans:codigoPrestadorNaOperadora>5018889</ans:codigoPrestadorNaOperadora>
                        <ans:nomeContratado>CIRUCARDIO CIRURGIA CARDIOVA.LTDA-ME</ans:nomeContratado>
                        <ans:CNES>3478181</ans:CNES>
                    </ans:contratadoExecutante>
                    <ans:profissionalExecutante>
                        <ans:nomeProfissional>NATACHA HOLANDA GURJAO</ans:nomeProfissional>
                        <ans:conselhoProfissional>06</ans:conselhoProfissional>
                        <ans:numeroConselhoProfissional>11756</ans:numeroConselhoProfissional>
                        <ans:UF>15</ans:UF>
                        <ans:CBOS>225120</ans:CBOS>
                    </ans:profissionalExecutante>
                    <ans:indicacaoAcidente>9</ans:indicacaoAcidente>
                    <ans:dadosAtendimento>
                        <ans:dataAtendimento>2017-09-06</ans:dataAtendimento>
                        <ans:tipoConsulta>1</ans:tipoConsulta>
                        <ans:procedimento>
                            <ans:codigoTabela>22</ans:codigoTabela>
                            <ans:codigoProcedimento>10101012</ans:codigoProcedimento>
                            <ans:valorProcedimento>70.00</ans:valorProcedimento>
                        </ans:procedimento>
                    </ans:dadosAtendimento>
                </ans:guiaConsulta>
                <ans:guiaConsulta>
                    <ans:cabecalhoConsulta>
                        <ans:registroANS>323080</ans:registroANS>
                        <ans:numeroGuiaPrestador>3059556</ans:numeroGuiaPrestador>
                    </ans:cabecalhoConsulta>
                    <ans:numeroGuiaOperadora>0000000</ans:numeroGuiaOperadora>
                    <ans:dadosBeneficiario>
                        <ans:numeroCarteira>0901002708230070</ans:numeroCarteira>
                        <ans:atendimentoRN>N</ans:atendimentoRN>
                        <ans:nomeBeneficiario>MARIA DE FATIMA CORREIA CAMARGO</ans:nomeBeneficiario>
                    </ans:dadosBeneficiario>
                    <ans:contratadoExecutante>
                        <ans:codigoPrestadorNaOperadora>5018889</ans:codigoPrestadorNaOperadora>
                        <ans:nomeContratado>CIRUCARDIO CIRURGIA CARDIOVA.LTDA-ME</ans:nomeContratado>
                        <ans:CNES>3478181</ans:CNES>
                    </ans:contratadoExecutante>
                    <ans:profissionalExecutante>
                        <ans:nomeProfissional>NATACHA HOLANDA GURJAO</ans:nomeProfissional>
                        <ans:conselhoProfissional>06</ans:conselhoProfissional>
                        <ans:numeroConselhoProfissional>11756</ans:numeroConselhoProfissional>
                        <ans:UF>15</ans:UF>
                        <ans:CBOS>225120</ans:CBOS>
                    </ans:profissionalExecutante>
                    <ans:indicacaoAcidente>9</ans:indicacaoAcidente>
                    <ans:dadosAtendimento>
                        <ans:dataAtendimento>2017-09-06</ans:dataAtendimento>
                        <ans:tipoConsulta>1</ans:tipoConsulta>
                        <ans:procedimento>
                            <ans:codigoTabela>22</ans:codigoTabela>
                            <ans:codigoProcedimento>10101012</ans:codigoProcedimento>
                            <ans:valorProcedimento>70.00</ans:valorProcedimento>
                        </ans:procedimento>
                    </ans:dadosAtendimento>
                </ans:guiaConsulta>
                <ans:guiaConsulta>
                    <ans:cabecalhoConsulta>
                        <ans:registroANS>323080</ans:registroANS>
                        <ans:numeroGuiaPrestador>3059557</ans:numeroGuiaPrestador>
                    </ans:cabecalhoConsulta>
                    <ans:numeroGuiaOperadora>0000000</ans:numeroGuiaOperadora>
                    <ans:dadosBeneficiario>
                        <ans:numeroCarteira>0901001852580408</ans:numeroCarteira>
                        <ans:atendimentoRN>N</ans:atendimentoRN>
                        <ans:nomeBeneficiario>ANDRE SILVA GUILHERME</ans:nomeBeneficiario>
                    </ans:dadosBeneficiario>
                    <ans:contratadoExecutante>
                        <ans:codigoPrestadorNaOperadora>5018889</ans:codigoPrestadorNaOperadora>
                        <ans:nomeContratado>CIRUCARDIO CIRURGIA CARDIOVA.LTDA-ME</ans:nomeContratado>
                        <ans:CNES>3478181</ans:CNES>
                    </ans:contratadoExecutante>
                    <ans:profissionalExecutante>
                        <ans:nomeProfissional>NATACHA HOLANDA GURJAO</ans:nomeProfissional>
                        <ans:conselhoProfissional>06</ans:conselhoProfissional>
                        <ans:numeroConselhoProfissional>11756</ans:numeroConselhoProfissional>
                        <ans:UF>15</ans:UF>
                        <ans:CBOS>225120</ans:CBOS>
                    </ans:profissionalExecutante>
                    <ans:indicacaoAcidente>9</ans:indicacaoAcidente>
                    <ans:dadosAtendimento>
                        <ans:dataAtendimento>2017-09-06</ans:dataAtendimento>
                        <ans:tipoConsulta>1</ans:tipoConsulta>
                        <ans:procedimento>
                            <ans:codigoTabela>22</ans:codigoTabela>
                            <ans:codigoProcedimento>10101012</ans:codigoProcedimento>
                            <ans:valorProcedimento>70.00</ans:valorProcedimento>
                        </ans:procedimento>
                    </ans:dadosAtendimento>
                </ans:guiaConsulta>
                <ans:guiaConsulta>
                    <ans:cabecalhoConsulta>
                        <ans:registroANS>323080</ans:registroANS>
                        <ans:numeroGuiaPrestador>3059559</ans:numeroGuiaPrestador>
                    </ans:cabecalhoConsulta>
                    <ans:numeroGuiaOperadora>0000000</ans:numeroGuiaOperadora>
                    <ans:dadosBeneficiario>
                        <ans:numeroCarteira>0902000036740652</ans:numeroCarteira>
                        <ans:atendimentoRN>N</ans:atendimentoRN>
                        <ans:nomeBeneficiario>KATIA KALINE CUNHA DE SOUSA</ans:nomeBeneficiario>
                    </ans:dadosBeneficiario>
                    <ans:contratadoExecutante>
                        <ans:codigoPrestadorNaOperadora>5018889</ans:codigoPrestadorNaOperadora>
                        <ans:nomeContratado>CIRUCARDIO CIRURGIA CARDIOVA.LTDA-ME</ans:nomeContratado>
                        <ans:CNES>3478181</ans:CNES>
                    </ans:contratadoExecutante>
                    <ans:profissionalExecutante>
                        <ans:nomeProfissional>NATACHA HOLANDA GURJAO</ans:nomeProfissional>
                        <ans:conselhoProfissional>06</ans:conselhoProfissional>
                        <ans:numeroConselhoProfissional>11756</ans:numeroConselhoProfissional>
                        <ans:UF>15</ans:UF>
                        <ans:CBOS>225120</ans:CBOS>
                    </ans:profissionalExecutante>
                    <ans:indicacaoAcidente>9</ans:indicacaoAcidente>
                    <ans:dadosAtendimento>
                        <ans:dataAtendimento>2017-09-06</ans:dataAtendimento>
                        <ans:tipoConsulta>1</ans:tipoConsulta>
                        <ans:procedimento>
                            <ans:codigoTabela>22</ans:codigoTabela>
                            <ans:codigoProcedimento>10101012</ans:codigoProcedimento>
                            <ans:valorProcedimento>70.00</ans:valorProcedimento>
                        </ans:procedimento>
                    </ans:dadosAtendimento>
                </ans:guiaConsulta>
                <ans:guiaConsulta>
                    <ans:cabecalhoConsulta>
                        <ans:registroANS>323080</ans:registroANS>
                        <ans:numeroGuiaPrestador>3059565</ans:numeroGuiaPrestador>
                    </ans:cabecalhoConsulta>
                    <ans:numeroGuiaOperadora>0000000</ans:numeroGuiaOperadora>
                    <ans:dadosBeneficiario>
                        <ans:numeroCarteira>0202004309380066</ans:numeroCarteira>
                        <ans:atendimentoRN>N</ans:atendimentoRN>
                        <ans:nomeBeneficiario>ANTONIO FERNANDES BANDEIRA JUNIOR</ans:nomeBeneficiario>
                    </ans:dadosBeneficiario>
                    <ans:contratadoExecutante>
                        <ans:codigoPrestadorNaOperadora>5018889</ans:codigoPrestadorNaOperadora>
                        <ans:nomeContratado>CIRUCARDIO CIRURGIA CARDIOVA.LTDA-ME</ans:nomeContratado>
                        <ans:CNES>3478181</ans:CNES>
                    </ans:contratadoExecutante>
                    <ans:profissionalExecutante>
                        <ans:nomeProfissional>JUAN ALBERTO C. MEJIA</ans:nomeProfissional>
                        <ans:conselhoProfissional>06</ans:conselhoProfissional>
                        <ans:numeroConselhoProfissional>6547</ans:numeroConselhoProfissional>
                        <ans:UF>15</ans:UF>
                        <ans:CBOS>225120</ans:CBOS>
                    </ans:profissionalExecutante>
                    <ans:indicacaoAcidente>9</ans:indicacaoAcidente>
                    <ans:dadosAtendimento>
                        <ans:dataAtendimento>2017-09-06</ans:dataAtendimento>
                        <ans:tipoConsulta>1</ans:tipoConsulta>
                        <ans:procedimento>
                            <ans:codigoTabela>22</ans:codigoTabela>
                            <ans:codigoProcedimento>10101012</ans:codigoProcedimento>
                            <ans:valorProcedimento>70.00</ans:valorProcedimento>
                        </ans:procedimento>
                    </ans:dadosAtendimento>
                </ans:guiaConsulta>
                <ans:guiaConsulta>
                    <ans:cabecalhoConsulta>
                        <ans:registroANS>323080</ans:registroANS>
                        <ans:numeroGuiaPrestador>3059576</ans:numeroGuiaPrestador>
                    </ans:cabecalhoConsulta>
                    <ans:numeroGuiaOperadora>0000000</ans:numeroGuiaOperadora>
                    <ans:dadosBeneficiario>
                        <ans:numeroCarteira>0000000</ans:numeroCarteira>
                        <ans:atendimentoRN>N</ans:atendimentoRN>
                        <ans:nomeBeneficiario>MARIA FATIMA DE SOUSA  ARAUJO</ans:nomeBeneficiario>
                    </ans:dadosBeneficiario>
                    <ans:contratadoExecutante>
                        <ans:codigoPrestadorNaOperadora>5018889</ans:codigoPrestadorNaOperadora>
                        <ans:nomeContratado>CIRUCARDIO CIRURGIA CARDIOVA.LTDA-ME</ans:nomeContratado>
                        <ans:CNES>3478181</ans:CNES>
                    </ans:contratadoExecutante>
                    <ans:profissionalExecutante>
                        <ans:nomeProfissional>JUAN ALBERTO C. MEJIA</ans:nomeProfissional>
                        <ans:conselhoProfissional>06</ans:conselhoProfissional>
                        <ans:numeroConselhoProfissional>6547</ans:numeroConselhoProfissional>
                        <ans:UF>15</ans:UF>
                        <ans:CBOS>225120</ans:CBOS>
                    </ans:profissionalExecutante>
                    <ans:indicacaoAcidente>9</ans:indicacaoAcidente>
                    <ans:dadosAtendimento>
                        <ans:dataAtendimento>2017-09-06</ans:dataAtendimento>
                        <ans:tipoConsulta>1</ans:tipoConsulta>
                        <ans:procedimento>
                            <ans:codigoTabela>22</ans:codigoTabela>
                            <ans:codigoProcedimento>10101012</ans:codigoProcedimento>
                            <ans:valorProcedimento>70.00</ans:valorProcedimento>
                        </ans:procedimento>
                    </ans:dadosAtendimento>
                </ans:guiaConsulta>
                <ans:guiaConsulta>
                    <ans:cabecalhoConsulta>
                        <ans:registroANS>323080</ans:registroANS>
                        <ans:numeroGuiaPrestador>3059584</ans:numeroGuiaPrestador>
                    </ans:cabecalhoConsulta>
                    <ans:numeroGuiaOperadora>0000000</ans:numeroGuiaOperadora>
                    <ans:dadosBeneficiario>
                        <ans:numeroCarteira>202005978450018</ans:numeroCarteira>
                        <ans:atendimentoRN>N</ans:atendimentoRN>
                        <ans:nomeBeneficiario>CARMELITA MIRANDA OLIVEIRA</ans:nomeBeneficiario>
                    </ans:dadosBeneficiario>
                    <ans:contratadoExecutante>
                        <ans:codigoPrestadorNaOperadora>5018889</ans:codigoPrestadorNaOperadora>
                        <ans:nomeContratado>CIRUCARDIO CIRURGIA CARDIOVA.LTDA-ME</ans:nomeContratado>
                        <ans:CNES>3478181</ans:CNES>
                    </ans:contratadoExecutante>
                    <ans:profissionalExecutante>
                        <ans:nomeProfissional>LAURA DA SILVA GIRAO</ans:nomeProfissional>
                        <ans:conselhoProfissional>06</ans:conselhoProfissional>
                        <ans:numeroConselhoProfissional>9075</ans:numeroConselhoProfissional>
                        <ans:UF>15</ans:UF>
                        <ans:CBOS>225120</ans:CBOS>
                    </ans:profissionalExecutante>
                    <ans:indicacaoAcidente>9</ans:indicacaoAcidente>
                    <ans:dadosAtendimento>
                        <ans:dataAtendimento>2017-09-06</ans:dataAtendimento>
                        <ans:tipoConsulta>1</ans:tipoConsulta>
                        <ans:procedimento>
                            <ans:codigoTabela>22</ans:codigoTabela>
                            <ans:codigoProcedimento>10101012</ans:codigoProcedimento>
                            <ans:valorProcedimento>70.00</ans:valorProcedimento>
                        </ans:procedimento>
                    </ans:dadosAtendimento>
                </ans:guiaConsulta>
                <ans:guiaConsulta>
                    <ans:cabecalhoConsulta>
                        <ans:registroANS>323080</ans:registroANS>
                        <ans:numeroGuiaPrestador>3059632</ans:numeroGuiaPrestador>
                    </ans:cabecalhoConsulta>
                    <ans:numeroGuiaOperadora>0000000</ans:numeroGuiaOperadora>
                    <ans:dadosBeneficiario>
                        <ans:numeroCarteira>0701000027460089</ans:numeroCarteira>
                        <ans:atendimentoRN>N</ans:atendimentoRN>
                        <ans:nomeBeneficiario>ADALBERTO DE SOUSA FILHO</ans:nomeBeneficiario>
                    </ans:dadosBeneficiario>
                    <ans:contratadoExecutante>
                        <ans:codigoPrestadorNaOperadora>5018889</ans:codigoPrestadorNaOperadora>
                        <ans:nomeContratado>CIRUCARDIO CIRURGIA CARDIOVA.LTDA-ME</ans:nomeContratado>
                        <ans:CNES>3478181</ans:CNES>
                    </ans:contratadoExecutante>
                    <ans:profissionalExecutante>
                        <ans:nomeProfissional>PATRICIA LOPES DE SOUZA</ans:nomeProfissional>
                        <ans:conselhoProfissional>06</ans:conselhoProfissional>
                        <ans:numeroConselhoProfissional>6576</ans:numeroConselhoProfissional>
                        <ans:UF>15</ans:UF>
                        <ans:CBOS>225120</ans:CBOS>
                    </ans:profissionalExecutante>
                    <ans:indicacaoAcidente>9</ans:indicacaoAcidente>
                    <ans:dadosAtendimento>
                        <ans:dataAtendimento>2017-09-08</ans:dataAtendimento>
                        <ans:tipoConsulta>1</ans:tipoConsulta>
                        <ans:procedimento>
                            <ans:codigoTabela>22</ans:codigoTabela>
                            <ans:codigoProcedimento>10101012</ans:codigoProcedimento>
                            <ans:valorProcedimento>70.00</ans:valorProcedimento>
                        </ans:procedimento>
                    </ans:dadosAtendimento>
                </ans:guiaConsulta>
                <ans:guiaConsulta>
                    <ans:cabecalhoConsulta>
                        <ans:registroANS>323080</ans:registroANS>
                        <ans:numeroGuiaPrestador>3059613</ans:numeroGuiaPrestador>
                    </ans:cabecalhoConsulta>
                    <ans:numeroGuiaOperadora>0000000</ans:numeroGuiaOperadora>
                    <ans:dadosBeneficiario>
                        <ans:numeroCarteira>0901000054160080</ans:numeroCarteira>
                        <ans:atendimentoRN>N</ans:atendimentoRN>
                        <ans:nomeBeneficiario>MARIA DE FATIMA MACEDO</ans:nomeBeneficiario>
                    </ans:dadosBeneficiario>
                    <ans:contratadoExecutante>
                        <ans:codigoPrestadorNaOperadora>5018889</ans:codigoPrestadorNaOperadora>
                        <ans:nomeContratado>CIRUCARDIO CIRURGIA CARDIOVA.LTDA-ME</ans:nomeContratado>
                        <ans:CNES>3478181</ans:CNES>
                    </ans:contratadoExecutante>
                    <ans:profissionalExecutante>
                        <ans:nomeProfissional>PATRICIA LOPES DE SOUZA</ans:nomeProfissional>
                        <ans:conselhoProfissional>06</ans:conselhoProfissional>
                        <ans:numeroConselhoProfissional>6576</ans:numeroConselhoProfissional>
                        <ans:UF>15</ans:UF>
                        <ans:CBOS>225120</ans:CBOS>
                    </ans:profissionalExecutante>
                    <ans:indicacaoAcidente>9</ans:indicacaoAcidente>
                    <ans:dadosAtendimento>
                        <ans:dataAtendimento>2017-09-08</ans:dataAtendimento>
                        <ans:tipoConsulta>1</ans:tipoConsulta>
                        <ans:procedimento>
                            <ans:codigoTabela>22</ans:codigoTabela>
                            <ans:codigoProcedimento>10101012</ans:codigoProcedimento>
                            <ans:valorProcedimento>70.00</ans:valorProcedimento>
                        </ans:procedimento>
                    </ans:dadosAtendimento>
                </ans:guiaConsulta>
                <ans:guiaConsulta>
                    <ans:cabecalhoConsulta>
                        <ans:registroANS>323080</ans:registroANS>
                        <ans:numeroGuiaPrestador>3059634</ans:numeroGuiaPrestador>
                    </ans:cabecalhoConsulta>
                    <ans:numeroGuiaOperadora>0000000</ans:numeroGuiaOperadora>
                    <ans:dadosBeneficiario>
                        <ans:numeroCarteira>0901002305600057</ans:numeroCarteira>
                        <ans:atendimentoRN>N</ans:atendimentoRN>
                        <ans:nomeBeneficiario>MARIA LUCIA DOS REIS BARBOSA</ans:nomeBeneficiario>
                    </ans:dadosBeneficiario>
                    <ans:contratadoExecutante>
                        <ans:codigoPrestadorNaOperadora>5018889</ans:codigoPrestadorNaOperadora>
                        <ans:nomeContratado>CIRUCARDIO CIRURGIA CARDIOVA.LTDA-ME</ans:nomeContratado>
                        <ans:CNES>3478181</ans:CNES>
                    </ans:contratadoExecutante>
                    <ans:profissionalExecutante>
                        <ans:nomeProfissional>JUAN ALBERTO C. MEJIA</ans:nomeProfissional>
                        <ans:conselhoProfissional>06</ans:conselhoProfissional>
                        <ans:numeroConselhoProfissional>6547</ans:numeroConselhoProfissional>
                        <ans:UF>15</ans:UF>
                        <ans:CBOS>225120</ans:CBOS>
                    </ans:profissionalExecutante>
                    <ans:indicacaoAcidente>9</ans:indicacaoAcidente>
                    <ans:dadosAtendimento>
                        <ans:dataAtendimento>2017-09-08</ans:dataAtendimento>
                        <ans:tipoConsulta>1</ans:tipoConsulta>
                        <ans:procedimento>
                            <ans:codigoTabela>22</ans:codigoTabela>
                            <ans:codigoProcedimento>10101012</ans:codigoProcedimento>
                            <ans:valorProcedimento>70.00</ans:valorProcedimento>
                        </ans:procedimento>
                    </ans:dadosAtendimento>
                </ans:guiaConsulta>
                <ans:guiaConsulta>
                    <ans:cabecalhoConsulta>
                        <ans:registroANS>323080</ans:registroANS>
                        <ans:numeroGuiaPrestador>3059642</ans:numeroGuiaPrestador>
                    </ans:cabecalhoConsulta>
                    <ans:numeroGuiaOperadora>0000000</ans:numeroGuiaOperadora>
                    <ans:dadosBeneficiario>
                        <ans:numeroCarteira>0203006895260061</ans:numeroCarteira>
                        <ans:atendimentoRN>N</ans:atendimentoRN>
                        <ans:nomeBeneficiario>ALFREDO GUIMARAES GARRIDO</ans:nomeBeneficiario>
                    </ans:dadosBeneficiario>
                    <ans:contratadoExecutante>
                        <ans:codigoPrestadorNaOperadora>5018889</ans:codigoPrestadorNaOperadora>
                        <ans:nomeContratado>CIRUCARDIO CIRURGIA CARDIOVA.LTDA-ME</ans:nomeContratado>
                        <ans:CNES>3478181</ans:CNES>
                    </ans:contratadoExecutante>
                    <ans:profissionalExecutante>
                        <ans:nomeProfissional>PATRICIA LOPES DE SOUZA</ans:nomeProfissional>
                        <ans:conselhoProfissional>06</ans:conselhoProfissional>
                        <ans:numeroConselhoProfissional>6576</ans:numeroConselhoProfissional>
                        <ans:UF>15</ans:UF>
                        <ans:CBOS>225120</ans:CBOS>
                    </ans:profissionalExecutante>
                    <ans:indicacaoAcidente>9</ans:indicacaoAcidente>
                    <ans:dadosAtendimento>
                        <ans:dataAtendimento>2017-09-08</ans:dataAtendimento>
                        <ans:tipoConsulta>1</ans:tipoConsulta>
                        <ans:procedimento>
                            <ans:codigoTabela>22</ans:codigoTabela>
                            <ans:codigoProcedimento>10101012</ans:codigoProcedimento>
                            <ans:valorProcedimento>70.00</ans:valorProcedimento>
                        </ans:procedimento>
                    </ans:dadosAtendimento>
                </ans:guiaConsulta>
                <ans:guiaConsulta>
                    <ans:cabecalhoConsulta>
                        <ans:registroANS>323080</ans:registroANS>
                        <ans:numeroGuiaPrestador>3059641</ans:numeroGuiaPrestador>
                    </ans:cabecalhoConsulta>
                    <ans:numeroGuiaOperadora>0000000</ans:numeroGuiaOperadora>
                    <ans:dadosBeneficiario>
                        <ans:numeroCarteira>0202005743660004</ans:numeroCarteira>
                        <ans:atendimentoRN>N</ans:atendimentoRN>
                        <ans:nomeBeneficiario>ENEDINA CUNHA GARRIDO</ans:nomeBeneficiario>
                    </ans:dadosBeneficiario>
                    <ans:contratadoExecutante>
                        <ans:codigoPrestadorNaOperadora>5018889</ans:codigoPrestadorNaOperadora>
                        <ans:nomeContratado>CIRUCARDIO CIRURGIA CARDIOVA.LTDA-ME</ans:nomeContratado>
                        <ans:CNES>3478181</ans:CNES>
                    </ans:contratadoExecutante>
                    <ans:profissionalExecutante>
                        <ans:nomeProfissional>PATRICIA LOPES DE SOUZA</ans:nomeProfissional>
                        <ans:conselhoProfissional>06</ans:conselhoProfissional>
                        <ans:numeroConselhoProfissional>6576</ans:numeroConselhoProfissional>
                        <ans:UF>15</ans:UF>
                        <ans:CBOS>225120</ans:CBOS>
                    </ans:profissionalExecutante>
                    <ans:indicacaoAcidente>9</ans:indicacaoAcidente>
                    <ans:dadosAtendimento>
                        <ans:dataAtendimento>2017-09-08</ans:dataAtendimento>
                        <ans:tipoConsulta>1</ans:tipoConsulta>
                        <ans:procedimento>
                            <ans:codigoTabela>22</ans:codigoTabela>
                            <ans:codigoProcedimento>10101012</ans:codigoProcedimento>
                            <ans:valorProcedimento>70.00</ans:valorProcedimento>
                        </ans:procedimento>
                    </ans:dadosAtendimento>
                </ans:guiaConsulta>
                <ans:guiaConsulta>
                    <ans:cabecalhoConsulta>
                        <ans:registroANS>323080</ans:registroANS>
                        <ans:numeroGuiaPrestador>3059630</ans:numeroGuiaPrestador>
                    </ans:cabecalhoConsulta>
                    <ans:numeroGuiaOperadora>0000000</ans:numeroGuiaOperadora>
                    <ans:dadosBeneficiario>
                        <ans:numeroCarteira>0901004278690450</ans:numeroCarteira>
                        <ans:atendimentoRN>N</ans:atendimentoRN>
                        <ans:nomeBeneficiario>FRANCISCO EDVANIR BATISTA LIMA</ans:nomeBeneficiario>
                    </ans:dadosBeneficiario>
                    <ans:contratadoExecutante>
                        <ans:codigoPrestadorNaOperadora>5018889</ans:codigoPrestadorNaOperadora>
                        <ans:nomeContratado>CIRUCARDIO CIRURGIA CARDIOVA.LTDA-ME</ans:nomeContratado>
                        <ans:CNES>3478181</ans:CNES>
                    </ans:contratadoExecutante>
                    <ans:profissionalExecutante>
                        <ans:nomeProfissional>PATRICIA LOPES DE SOUZA</ans:nomeProfissional>
                        <ans:conselhoProfissional>06</ans:conselhoProfissional>
                        <ans:numeroConselhoProfissional>6576</ans:numeroConselhoProfissional>
                        <ans:UF>15</ans:UF>
                        <ans:CBOS>225120</ans:CBOS>
                    </ans:profissionalExecutante>
                    <ans:indicacaoAcidente>9</ans:indicacaoAcidente>
                    <ans:dadosAtendimento>
                        <ans:dataAtendimento>2017-09-08</ans:dataAtendimento>
                        <ans:tipoConsulta>1</ans:tipoConsulta>
                        <ans:procedimento>
                            <ans:codigoTabela>22</ans:codigoTabela>
                            <ans:codigoProcedimento>10101012</ans:codigoProcedimento>
                            <ans:valorProcedimento>70.00</ans:valorProcedimento>
                        </ans:procedimento>
                    </ans:dadosAtendimento>
                </ans:guiaConsulta>
                <ans:guiaConsulta>
                    <ans:cabecalhoConsulta>
                        <ans:registroANS>323080</ans:registroANS>
                        <ans:numeroGuiaPrestador>3059623</ans:numeroGuiaPrestador>
                    </ans:cabecalhoConsulta>
                    <ans:numeroGuiaOperadora>0000000</ans:numeroGuiaOperadora>
                    <ans:dadosBeneficiario>
                        <ans:numeroCarteira>0902010891420143</ans:numeroCarteira>
                        <ans:atendimentoRN>N</ans:atendimentoRN>
                        <ans:nomeBeneficiario>MARIA EDILEUSA REBOUCAS</ans:nomeBeneficiario>
                    </ans:dadosBeneficiario>
                    <ans:contratadoExecutante>
                        <ans:codigoPrestadorNaOperadora>5018889</ans:codigoPrestadorNaOperadora>
                        <ans:nomeContratado>CIRUCARDIO CIRURGIA CARDIOVA.LTDA-ME</ans:nomeContratado>
                        <ans:CNES>3478181</ans:CNES>
                    </ans:contratadoExecutante>
                    <ans:profissionalExecutante>
                        <ans:nomeProfissional>JUAN ALBERTO C. MEJIA</ans:nomeProfissional>
                        <ans:conselhoProfissional>06</ans:conselhoProfissional>
                        <ans:numeroConselhoProfissional>6547</ans:numeroConselhoProfissional>
                        <ans:UF>15</ans:UF>
                        <ans:CBOS>225120</ans:CBOS>
                    </ans:profissionalExecutante>
                    <ans:indicacaoAcidente>9</ans:indicacaoAcidente>
                    <ans:dadosAtendimento>
                        <ans:dataAtendimento>2017-09-08</ans:dataAtendimento>
                        <ans:tipoConsulta>1</ans:tipoConsulta>
                        <ans:procedimento>
                            <ans:codigoTabela>22</ans:codigoTabela>
                            <ans:codigoProcedimento>10101012</ans:codigoProcedimento>
                            <ans:valorProcedimento>70.00</ans:valorProcedimento>
                        </ans:procedimento>
                    </ans:dadosAtendimento>
                </ans:guiaConsulta>
                <ans:guiaConsulta>
                    <ans:cabecalhoConsulta>
                        <ans:registroANS>323080</ans:registroANS>
                        <ans:numeroGuiaPrestador>3059633</ans:numeroGuiaPrestador>
                    </ans:cabecalhoConsulta>
                    <ans:numeroGuiaOperadora>0000000</ans:numeroGuiaOperadora>
                    <ans:dadosBeneficiario>
                        <ans:numeroCarteira>0901002305600219</ans:numeroCarteira>
                        <ans:atendimentoRN>N</ans:atendimentoRN>
                        <ans:nomeBeneficiario>FRANCISCO JOSE ASSIS SILVA BARBOSA </ans:nomeBeneficiario>
                    </ans:dadosBeneficiario>
                    <ans:contratadoExecutante>
                        <ans:codigoPrestadorNaOperadora>5018889</ans:codigoPrestadorNaOperadora>
                        <ans:nomeContratado>CIRUCARDIO CIRURGIA CARDIOVA.LTDA-ME</ans:nomeContratado>
                        <ans:CNES>3478181</ans:CNES>
                    </ans:contratadoExecutante>
                    <ans:profissionalExecutante>
                        <ans:nomeProfissional>JUAN ALBERTO C. MEJIA</ans:nomeProfissional>
                        <ans:conselhoProfissional>06</ans:conselhoProfissional>
                        <ans:numeroConselhoProfissional>6547</ans:numeroConselhoProfissional>
                        <ans:UF>15</ans:UF>
                        <ans:CBOS>225120</ans:CBOS>
                    </ans:profissionalExecutante>
                    <ans:indicacaoAcidente>9</ans:indicacaoAcidente>
                    <ans:dadosAtendimento>
                        <ans:dataAtendimento>2017-09-08</ans:dataAtendimento>
                        <ans:tipoConsulta>1</ans:tipoConsulta>
                        <ans:procedimento>
                            <ans:codigoTabela>22</ans:codigoTabela>
                            <ans:codigoProcedimento>10101012</ans:codigoProcedimento>
                            <ans:valorProcedimento>70.00</ans:valorProcedimento>
                        </ans:procedimento>
                    </ans:dadosAtendimento>
                </ans:guiaConsulta></ans:guiasTISS>
        </ans:loteGuias>
    </ans:prestadorParaOperadora>
    <ans:epilogo>
    <ans:hash>e2eadfe09fd6750a184902545aa41771</ans:hash>
    </ans:epilogo>
    </ans:mensagemTISS>
