<?xml version='1.0' encoding='iso-8859-1'?>
    <ans:mensagemTISS xmlns='http://www.w3.org/2001/XMLSchema' xmlns:ans='http://www.ans.gov.br/padroes/tiss/schemas'>
       <ans:cabecalho>
          <ans:identificacaoTransacao>
             <ans:tipoTransacao>ENVIO_LOTE_GUIAS</ans:tipoTransacao>
             <ans:sequencialTransacao>8129</ans:sequencialTransacao>
             <ans:dataRegistroTransacao>2017-12-14</ans:dataRegistroTransacao>
             <ans:horaRegistroTransacao>17:15:06</ans:horaRegistroTransacao>
          </ans:identificacaoTransacao>
          <ans:origem>
             <ans:identificacaoPrestador>
                <ans:codigoPrestadorNaOperadora>00122149000143</ans:codigoPrestadorNaOperadora>
             </ans:identificacaoPrestador>
          </ans:origem>
          <ans:destino>
             <ans:registroANS>359122</ans:registroANS>
          </ans:destino>
          <ans:Padrao>3.03.01</ans:Padrao>
       </ans:cabecalho>
       <ans:prestadorParaOperadora>
          <ans:loteGuias>
             <ans:numeroLote>8182</ans:numeroLote>
                <ans:guiasTISS>
                                                          <ans:guiaSP-SADT>
                          <ans:cabecalhoGuia>
                            <ans:registroANS>359122</ans:registroANS>
                         <ans:numeroGuiaPrestador>3863090</ans:numeroGuiaPrestador>
                         <ans:guiaPrincipal>1</ans:guiaPrincipal>
                      </ans:cabecalhoGuia>
                      <ans:dadosAutorizacao>
                      <ans:numeroGuiaOperadora>0000000</ans:numeroGuiaOperadora>
                      <ans:dataAutorizacao>2017-12-14</ans:dataAutorizacao>
                      <ans:senha>8798784456</ans:senha>
                      <ans:dataValidadeSenha>2018-01-13</ans:dataValidadeSenha> 
                      </ans:dadosAutorizacao>
                      <ans:dadosBeneficiario>
                         <ans:numeroCarteira>0130975301080</ans:numeroCarteira>
                             <ans:atendimentoRN>S</ans:atendimentoRN>
                         <ans:nomeBeneficiario>ABDON  ALBUQUERQUE CAVALCANTE</ans:nomeBeneficiario>
                      </ans:dadosBeneficiario>
                                                      <ans:dadosSolicitante>
                         <ans:contratadoSolicitante>
                               <ans:cnpjContratado>00122149000143</ans:cnpjContratado>
                            <ans:nomeContratado>CIRUCARDIO CIRURGIA CARDIOVA.LTDA-ME</ans:nomeContratado>
                         </ans:contratadoSolicitante>
                         <ans:profissionalSolicitante>
                            <ans:nomeProfissional>ADMINISTRADOR</ans:nomeProfissional>
                            <ans:conselhoProfissional>06</ans:conselhoProfissional>
                            <ans:numeroConselhoProfissional >1010</ans:numeroConselhoProfissional >
                                <ans:UF>23</ans:UF>
                            <ans:CBOS>999999</ans:CBOS>
                         </ans:profissionalSolicitante>
                      </ans:dadosSolicitante>
                      <ans:dadosSolicitacao>
                         <ans:dataSolicitacao>2017-12-14</ans:dataSolicitacao>
                         <ans:caraterAtendimento>1</ans:caraterAtendimento>
                         <ans:indicacaoClinica>I</ans:indicacaoClinica>
                      </ans:dadosSolicitacao>
                      <ans:dadosExecutante>
                            <ans:contratadoExecutante>
                            <ans:cnpjContratado>00122149000143</ans:cnpjContratado>
                         <ans:nomeContratado>CIRUCARDIO CIRURGIA CARDIOVA.LTDA-ME</ans:nomeContratado>
                         </ans:contratadoExecutante>
                         <ans:CNES>3478181</ans:CNES>
                      </ans:dadosExecutante>
                      <ans:dadosAtendimento>
                      <ans:tipoAtendimento>04</ans:tipoAtendimento>
                      <ans:indicacaoAcidente>0</ans:indicacaoAcidente>
                      <ans:tipoConsulta>1</ans:tipoConsulta>
                      
                      </ans:dadosAtendimento>
                      <ans:procedimentosExecutados>
                             <ans:procedimentoExecutado>
                                    <ans:dataExecucao>2017-12-14</ans:dataExecucao>
                                    <ans:horaInicial>17:06:54</ans:horaInicial>
                                    <ans:horaFinal>17:06:54</ans:horaFinal>
                                    <ans:procedimento>
                                    <ans:codigoTabela>22</ans:codigoTabela>
                                   <ans:codigoProcedimento>40901360</ans:codigoProcedimento>
                                   <ans:descricaoProcedimento >Doppler colorido de vasos cervicais arteriais bilateral (car</ans:descricaoProcedimento >
                                   </ans:procedimento>                        
                            <ans:quantidadeExecutada>1</ans:quantidadeExecutada>
                                <ans:reducaoAcrescimo>1.00</ans:reducaoAcrescimo>
                                <ans:valorUnitario >251.40</ans:valorUnitario >
                                <ans:valorTotal>251.40</ans:valorTotal>
                                <ans:equipeSadt>
                                    <ans:grauPart>12</ans:grauPart>
                                    <ans:codProfissional>
                                        <ans:codigoPrestadorNaOperadora>00122149000143</ans:codigoPrestadorNaOperadora>
                                    </ans:codProfissional>
                                    <ans:nomeProf>ADMINISTRADOR</ans:nomeProf>
                                    <ans:conselho>01</ans:conselho>
                                    <ans:numeroConselhoProfissional>1010</ans:numeroConselhoProfissional>
                                    <ans:UF>23</ans:UF>
                                    <ans:CBOS>999999</ans:CBOS>
                                </ans:equipeSadt>
                          </ans:procedimentoExecutado>
                      </ans:procedimentosExecutados>
                      
                      <ans:observacao>III</ans:observacao>
                         <ans:valorTotal >
                         <ans:valorProcedimentos >251.40</ans:valorProcedimentos >
                         <ans:valorDiarias>0.00</ans:valorDiarias>
                         <ans:valorTaxasAlugueis>0.00</ans:valorTaxasAlugueis>
                         <ans:valorMateriais>0.00</ans:valorMateriais>
                         <ans:valorMedicamentos>0.00</ans:valorMedicamentos>
                         <ans:valorOPME>0.00</ans:valorOPME>
                         <ans:valorGasesMedicinais>0.00</ans:valorGasesMedicinais>
                         <ans:valorTotalGeral>251.40</ans:valorTotalGeral>
                      </ans:valorTotal>
                      </ans:guiaSP-SADT></ans:guiasTISS>
        </ans:loteGuias>
    </ans:prestadorParaOperadora>
    <ans:epilogo>
    <ans:hash>e2eadfe09fd6750a184902545aa41771</ans:hash>
    </ans:epilogo>
    </ans:mensagemTISS>
