<?xml version='1.0' encoding='iso-8859-1'?>
    <ans:mensagemTISS xmlns='http://www.w3.org/2001/XMLSchema' xmlns:ans='http://www.ans.gov.br/padroes/tiss/schemas'>
       <ans:cabecalho>
          <ans:identificacaoTransacao>
             <ans:tipoTransacao>ENVIO_LOTE_GUIAS</ans:tipoTransacao>
             <ans:sequencialTransacao>8170</ans:sequencialTransacao>
             <ans:dataRegistroTransacao>2018-02-04</ans:dataRegistroTransacao>
             <ans:horaRegistroTransacao>16:38:50</ans:horaRegistroTransacao>
          </ans:identificacaoTransacao>
          <ans:origem>
             <ans:identificacaoPrestador>
                <ans:codigoPrestadorNaOperadora>5493</ans:codigoPrestadorNaOperadora>
             </ans:identificacaoPrestador>
          </ans:origem>
          <ans:destino>
             <ans:registroANS>414689</ans:registroANS>
          </ans:destino>
          <ans:Padrao>3.03.01</ans:Padrao>
       </ans:cabecalho>
       <ans:prestadorParaOperadora>
          <ans:loteGuias>
             <ans:numeroLote>8223</ans:numeroLote>
                <ans:guiasTISS>
                                                          <ans:guiaSP-SADT>
                          <ans:cabecalhoGuia>
                            <ans:registroANS>414689</ans:registroANS>
                         <ans:numeroGuiaPrestador>3863559</ans:numeroGuiaPrestador>
                         <ans:guiaPrincipal>1</ans:guiaPrincipal>
                      </ans:cabecalhoGuia>
                      <ans:dadosAutorizacao>
                      <ans:numeroGuiaOperadora>0000000</ans:numeroGuiaOperadora>
                      <ans:dataAutorizacao>2017-12-22</ans:dataAutorizacao>
                      </ans:dadosAutorizacao>
                      <ans:dadosBeneficiario>
                         <ans:numeroCarteira>000686102088</ans:numeroCarteira>
                             <ans:atendimentoRN>S</ans:atendimentoRN>
                         <ans:nomeBeneficiario>MARIA DE FATIMA SILVA PENHA</ans:nomeBeneficiario>
                      </ans:dadosBeneficiario>
                                                      <ans:dadosSolicitante>
                         <ans:contratadoSolicitante>
                               <ans:cnpjContratado>00122149000143</ans:cnpjContratado>
                            <ans:nomeContratado>CIRUCARDIO CIRURGIA CARDIOVA.LTDA-ME</ans:nomeContratado>
                         </ans:contratadoSolicitante>
                         <ans:profissionalSolicitante>
                            <ans:nomeProfissional>PATRICIA LOPES DE SOUZA</ans:nomeProfissional>
                            <ans:conselhoProfissional>06</ans:conselhoProfissional>
                            <ans:numeroConselhoProfissional >6576</ans:numeroConselhoProfissional >
                                <ans:UF>23</ans:UF>
                            <ans:CBOS>999999</ans:CBOS>
                         </ans:profissionalSolicitante>
                      </ans:dadosSolicitante>
                      <ans:dadosSolicitacao>
                         <ans:dataSolicitacao>2017-12-22</ans:dataSolicitacao>
                         <ans:caraterAtendimento>1</ans:caraterAtendimento>
                         <ans:indicacaoClinica>I</ans:indicacaoClinica>
                      </ans:dadosSolicitacao>
                      <ans:dadosExecutante>
                            <ans:contratadoExecutante>
                            <ans:cnpjContratado>00122149000143</ans:cnpjContratado>
                         <ans:nomeContratado>CIRUCARDIO CIRURGIA CARDIOVA.LTDA-ME</ans:nomeContratado>
                         </ans:contratadoExecutante>
                         <ans:CNES>3478181</ans:CNES>
                      </ans:dadosExecutante>
                      <ans:dadosAtendimento>
                      <ans:tipoAtendimento>04</ans:tipoAtendimento>
                      <ans:indicacaoAcidente>0</ans:indicacaoAcidente>
                      <ans:tipoConsulta>1</ans:tipoConsulta>
                      
                      </ans:dadosAtendimento><ans:procedimentosExecutados>
                             <ans:procedimentoExecutado>
                                    <ans:dataExecucao>2017-12-22</ans:dataExecucao>
                                    <ans:horaInicial>11:55:10</ans:horaInicial>
                                    <ans:horaFinal>11:55:10</ans:horaFinal>
                                    <ans:procedimento>
                                    <ans:codigoTabela>22</ans:codigoTabela>
                                   <ans:codigoProcedimento>40901106</ans:codigoProcedimento>
                                   <ans:descricaoProcedimento >Ecodopplercardiograma transtor�cico</ans:descricaoProcedimento >
                                   </ans:procedimento>                        
                            <ans:quantidadeExecutada>1</ans:quantidadeExecutada>
                                <ans:reducaoAcrescimo>1.00</ans:reducaoAcrescimo>
                                <ans:valorUnitario >246.76</ans:valorUnitario >
                                <ans:valorTotal>246.76</ans:valorTotal>
                                <ans:equipeSadt>
                                    <ans:grauPart>12</ans:grauPart>
                                    <ans:codProfissional>
                                    <ans:codigoPrestadorNaOperadora>5493</ans:codigoPrestadorNaOperadora>
                                    </ans:codProfissional>
                                    <ans:nomeProf>FRANCISCO FABIO GADELHA CAVALCANTE</ans:nomeProf>
                                    <ans:conselho>01</ans:conselho>
                                    <ans:numeroConselhoProfissional>10588</ans:numeroConselhoProfissional>
                                    <ans:UF>23</ans:UF>
                                    <ans:CBOS>999999</ans:CBOS>
                                </ans:equipeSadt>
                          </ans:procedimentoExecutado>
                      </ans:procedimentosExecutados>
                      
                      <ans:observacao>III</ans:observacao>
                         <ans:valorTotal >
                         <ans:valorProcedimentos >246.76</ans:valorProcedimentos >
                         <ans:valorDiarias>0.00</ans:valorDiarias>
                         <ans:valorTaxasAlugueis>0.00</ans:valorTaxasAlugueis>
                         <ans:valorMateriais>0.00</ans:valorMateriais>
                         <ans:valorMedicamentos>0.00</ans:valorMedicamentos>
                         <ans:valorOPME>0.00</ans:valorOPME>
                         <ans:valorGasesMedicinais>0.00</ans:valorGasesMedicinais>
                         <ans:valorTotalGeral>246.76</ans:valorTotalGeral>
                      </ans:valorTotal>
                      </ans:guiaSP-SADT></ans:guiasTISS>
        </ans:loteGuias>
    </ans:prestadorParaOperadora>
    <ans:epilogo>
    <ans:hash>e2eadfe09fd6750a184902545aa41771</ans:hash>
    </ans:epilogo>
    </ans:mensagemTISS>
